Grid_Lat,Grid_Lon,Average_Speed,Total_Vehicles,Average_Acceleration,Congestion_Index
28.55,77.205,5.537665582775541,6,-0.9429189595824732,0.917758781637271
28.55,77.206,7.012512749826959,2,0.3609417504101291,0.24960958721010368
28.551,77.198,1.8791516615261115,1,3.6141050236773564,0.34732453082028475
28.551,77.199,8.151337585124441,4,-2.2565165470413784,0.43709457363937987
28.551,77.2,8.27997339270776,2,0.3614067368359355,0.21551785930459758
28.551,77.201,13.231978788999005,1,-5.947985705287911,0.07026429808713439
28.551,77.202,8.993204846160047,2,-0.9680268451531608,0.20013599548782518
28.551,77.203,9.738684365197159,2,-5.215714823992508,0.18624255374166412
28.551,77.204,4.154347162133861,8,0.5193786742662142,1.5520879266285317
28.551,77.205,6.594731001304454,13,0.022147682601055936,1.7117130281200412
28.551,77.206,6.228920327068361,17,0.014411100222353757,2.3516651492677654
28.551,77.207,5.122546329222865,1,4.885031713009998,0.16333073630280395
28.552,77.198,5.493256685203468,1,7.346372972321374,0.1540059246816399
28.552,77.199,8.112062620231551,3,2.2848121265344123,0.3292339094925761
28.552,77.2,7.214623744179724,4,0.40600298455014516,0.48693648358929464
28.552,77.201,10.126955464595829,3,-1.7231622406677591,0.26961553046073694
28.552,77.202,5.347939393404772,1,8.512187240919227,0.15753143469500602
28.552,77.204,4.83309394251116,1,-0.10721892560286772,0.17143560687615084
28.552,77.205,9.189743152042105,2,1.359645550459371,0.1962758010832868
28.552,77.206,5.739132764649013,1,-0.00855768540572388,0.14838704547351084
28.552,77.207,5.508884467558904,6,-0.5814102594951339,0.9218169457308318
28.553,77.199,12.086616762522024,2,-4.679098172096911,0.15282788793263052
28.553,77.2,6.5975569215297964,5,1.0441515844950622,0.6581062901721876
28.553,77.201,8.515015908685951,3,1.0565865072349394,0.31529111761772216
28.554,77.201,4.270952523117687,5,1.0878018294922327,0.9485951501309628
28.554,77.202,6.543271509855208,10,-0.7303748210905894,1.3256847492411086
28.555,77.197,5.421540057930722,5,-0.7497220636085313,0.7786294183160792
28.555,77.198,5.6060151453089855,7,0.5670653958436956,1.059640319621548
28.555,77.199,7.346171628303679,8,-2.6153625445383115,0.9585233034113825
28.555,77.2,6.006684509103671,5,1.9096799085569944,0.71360427224939
28.555,77.201,5.465773756168529,5,-0.6651695387486329,0.7733026531016276
28.555,77.202,11.787473124280037,2,0.4566242095289752,0.1564030657630496
28.556,77.198,7.665010802960795,13,0.08483485397208425,1.5002866465622822
28.556,77.199,5.322221308138181,3,0.473963864106528,0.47451676456474196
28.556,77.2,6.2871424318324625,4,0.13548822800980398,0.5489120100804917
28.557,77.197,3.09974090238552,1,1.9210087052885942,0.24391785330095594
28.557,77.198,5.7375188958115775,10,-0.6831632262029081,1.4842258930385435
28.557,77.199,5.05406929110064,6,1.627579012919977,0.9910689342158471
28.558,77.197,5.486902094153173,7,2.143622428851371,1.0790975258142552
28.558,77.198,6.499613223773158,4,0.5553182736248692,0.5333608388390388
28.558,77.216,7.4264215010758745,1,4.3475544207658805,0.11867433878928572
28.559,77.194,9.662291130707722,2,-0.4509424907713502,0.18757694528148264
28.559,77.195,7.84807627456484,2,-1.0237098113094758,0.22603783443292738
28.559,77.196,3.919398589056461,5,0.24705005422647783,1.0163844033949276
28.559,77.197,8.759086679121436,5,-2.098725051849292,0.5123430259818254
28.559,77.198,10.18808153163382,1,2.1676003591983495,0.08938082880184087
28.559,77.215,10.907180000554934,1,-6.295426633776412,0.08398294138103186
28.559,77.216,7.001464433109418,4,0.19547024170302918,0.49990848968200374
28.559,77.217,8.008678148934779,3,-0.3001166875934261,0.33301223003007735
28.559,77.218,5.8974562191257585,4,-2.2031375086349936,0.5799239419466723
28.56,77.193,7.125022989335668,1,1.3913069582906745,0.12307657483708408
28.56,77.194,5.193505532166756,3,1.7251540301308015,0.48437835155214115
28.56,77.195,9.379240085159637,1,-1.4392111156231326,0.09634616713701537
28.56,77.215,7.501285114799822,5,-1.4306925112211322,0.5881463722814728
28.56,77.216,4.98456558261686,2,1.5378833153751943,0.33419301240666893
28.56,77.237,6.093018604817455,12,0.3588596266368637,1.6918043880287879
28.56,77.238,4.561022774793532,9,0.30305597899676184,1.618407326219618
28.56,77.239,5.498955433143147,1,3.9028478597931286,0.153870881295821
28.561,77.194,8.516329947626343,1,-5.950434497881231,0.10508252714056325
28.561,77.195,8.170709966157798,2,-0.10880465481975055,0.21808562340107776
28.561,77.215,5.783342131299745,3,3.4209005632448233,0.4422598686504959
28.561,77.216,5.040959344272278,4,-0.041609160813434354,0.6621464856889976
28.561,77.217,9.811784855628694,1,-4.923173976199222,0.09249166657986102
28.561,77.236,5.120068338360263,4,-2.4847290697274595,0.6535874730234975
28.561,77.237,5.0498321128533155,21,0.3089227337846784,3.4711707049496376
28.561,77.238,5.526298323167583,8,0.38335935984883573,1.2258097322338073
28.561,77.239,6.265091051089862,4,-1.7090627868023809,0.5505780962511055
28.561,77.24,4.78335238266455,2,3.720363122630953,0.3458201865746498
28.561,77.242,6.49988300270169,2,0.045919657255708124,0.26667082663550057
28.562,77.194,8.06560589823277,1,-3.6908407317723,0.11030702318473141
28.562,77.195,7.006750003791704,5,0.1492471624331076,0.6244731005254545
28.562,77.196,7.714544646408797,1,4.8269096679971035,0.1147506887135053
28.562,77.216,5.661544109114412,5,-0.6792396466165076,0.7505767308751937
28.562,77.234,6.6534040774350505,1,5.890288098520902,0.13066081313390399
28.562,77.235,7.211441780096466,4,-2.0490964463739547,0.4871251732790108
28.562,77.236,8.151582990950088,2,-2.478574443534512,0.21854142632785833
28.562,77.237,5.881040908760856,7,-0.4947866581837478,1.0172879500087968
28.562,77.238,8.372309320674832,2,-1.0402653272935747,0.21339457881400722
28.562,77.239,7.660968049349843,7,-0.6083029467030189,0.8082237412855335
28.562,77.24,15.42950167643281,2,-9.919260910054737,0.12173223749499881
28.562,77.241,5.232744927706472,4,1.4949333051901699,0.641771811039269
28.562,77.243,2.699908929842342,7,0.8098017976574318,1.8919384592253408
28.563,77.168,9.85603054495665,2,-4.0918133563816985,0.18422940058225365
28.563,77.169,8.246910829742346,1,8.22566045634922,0.10814422442395974
28.563,77.195,6.01187654022254,2,3.072572874196517,0.2852303500392956
28.563,77.197,7.790450810585743,1,1.083815529968489,0.11375980840433894
28.563,77.216,7.550237917223717,5,-2.13196183187909,0.5847790492388442
28.563,77.217,5.7652614885522615,7,1.3581760639085403,1.034697625782085
28.563,77.218,7.647828762278826,2,-1.8522556990287233,0.23127192443077135
28.563,77.234,6.500717207002758,6,-1.3951007463653484,0.7999235052347167
28.563,77.235,6.725287771102492,7,1.4443200668935192,0.9061151127838201
28.563,77.236,4.7468607556896965,11,0.17854862443367792,1.9140884854586773
28.563,77.237,6.625246835275684,2,1.431389800437937,0.2622865912677949
28.563,77.238,7.151347621292487,3,-1.9986736009600927,0.36803730369240667
28.563,77.239,5.515309212835904,13,0.09003375234647006,1.9953005414368536
28.563,77.24,6.069823307713182,14,0.9766589716779104,1.9802475098247492
28.563,77.242,5.012021748005733,4,1.411857925226068,0.6653335878777972
28.563,77.243,7.45595084533894,7,-2.0573005252964838,0.8278193816439361
28.564,77.168,5.296633444048536,2,-0.4610642232179136,0.31763005068849354
28.564,77.169,4.4275749584548665,3,3.433173778877294,0.5527330387812914
28.564,77.17,5.368725976660776,6,-1.5495934756468521,0.9421036518116761
28.564,77.195,10.210091572679643,1,0.020712226683494706,0.08920533730849457
28.564,77.196,7.0786634054360364,6,-1.7293302185496628,0.742697114471024
28.564,77.197,6.1271253849161695,1,-0.7871755833508294,0.14030902306228504
28.564,77.216,5.83387109652582,6,1.6183933569504283,0.8779796860743042
28.564,77.217,7.2267230456646345,12,-0.45377600378064004,1.4586609921582117
28.564,77.218,4.659673014682831,11,-0.22976597253034614,1.9435751803086176
28.564,77.219,7.93015293680557,2,-0.9452136406061462,0.2239603301481
28.564,77.232,8.922216762629924,3,-2.262668074670771,0.3023517901059075
28.564,77.233,4.345047512689345,5,3.4910931187384406,0.935445379695842
28.564,77.234,7.264366996920704,6,-2.3391754552105053,0.726008416886084
28.564,77.235,6.629867865083698,16,-0.17957561814870976,2.0970218990580753
28.564,77.236,8.02960706263499,7,-1.6867284978789816,0.7752275322108295
28.564,77.237,6.580801961345197,1,3.419683155027829,0.13191216511116352
28.564,77.238,7.29434674844409,1,1.3776264548192874,0.12056404564802971
28.564,77.239,5.361746773567707,1,-0.2722932725572278,0.15718953230815155
28.564,77.24,8.135212905741952,4,-1.2056205762446144,0.43786609477769195
28.564,77.242,8.16152152604556,4,3.0795246808773706,0.4366086996170104
28.564,77.243,14.854795265081437,1,-4.521989465899891,0.06307240070153397
28.564,77.244,4.979399580345008,2,-0.7696346957376294,0.33448174404905734
28.565,77.168,7.599424275270304,1,-0.5462796229606166,0.11628685456022195
28.565,77.169,8.988529320111395,1,-1.3891050448410907,0.10011483852648367
28.565,77.17,12.454527239593554,1,-8.942836021251631,0.07432442494577081
28.565,77.171,5.343350825276188,2,8.148192306101532,0.31529077534710065
28.565,77.174,6.281660924151716,3,0.5802709913997962,0.4119939161201039
28.565,77.175,6.896342119782778,7,-0.927413154571057,0.8864864127990144
28.565,77.176,5.300517731214424,2,2.9008753121775954,0.31743423085558087
28.565,77.192,10.506752606329515,1,-4.075899367665963,0.086905492297621
28.565,77.194,11.827550652208323,1,-4.054208344436129,0.0779572053241392
28.565,77.195,6.791714010229096,3,2.9533410321785762,0.38502439849069775
28.565,77.215,12.550353751091395,2,-7.582623502144081,0.14759762267010282
28.565,77.216,5.959255800174872,11,0.058693879638011974,1.5806287792616551
28.565,77.217,5.499500556258286,18,0.6826159134377043,2.769443566347268
28.565,77.218,9.256012664054587,4,-2.536957284883454,0.3900151190354176
28.565,77.219,5.743813210570898,7,0.8581682305175683,1.0379884171506308
28.565,77.22,5.9631993798706775,2,1.8089414697345765,0.2872242902855303
28.565,77.221,9.268253591718112,1,-1.902896643288278,0.09738754414933351
28.565,77.23,7.600977196714976,2,-1.6545548321205334,0.2325317175313373
28.565,77.231,4.851088745282555,2,3.6680098731147637,0.3418167262652616
28.565,77.232,3.9678947460263267,6,0.8839779235007447,1.2077550565658068
28.565,77.233,5.886820057317207,7,0.24183042498025895,1.0164342819677044
28.565,77.234,6.3223773226012305,15,-1.0240080912247649,2.048515029907164
28.565,77.235,5.94108234511041,11,0.718214223640646,1.5847672528692678
28.565,77.236,6.011693512848619,10,0.8059800128565154,1.4261889772671097
28.565,77.237,7.789578180038961,1,-2.5475615986548394,0.11377110249397283
28.565,77.242,11.28522472442981,2,-3.875628772474998,0.16279718481851582
28.565,77.243,4.607517672200448,9,0.46214233323269127,1.604988254360384
28.565,77.244,5.372816938585689,4,0.5363432689646649,0.6276659189409753
28.566,77.166,6.210225159564948,4,0.33904931551305584,0.5547676960814012
28.566,77.168,9.895774741290877,3,-1.482629342543471,0.27533608864279574
28.566,77.169,5.2294839396873165,2,1.3851545563033252,0.32105388172818505
28.566,77.17,6.860224854223429,10,-0.9345400378388637,1.2722282358916022
28.566,77.171,6.271083352920933,3,-0.6158516506732757,0.4125932621573981
28.566,77.173,9.741188035894774,2,-2.4546785410662313,0.18619914234034668
28.566,77.174,11.551005818736499,1,-2.3169743420237996,0.07967488936282473
28.566,77.175,9.550892459488407,1,1.5583995909525452,0.09477871221222627
28.566,77.176,7.291590623129239,2,0.4679090663040082,0.24120824229081414
28.566,77.191,4.454329144870756,2,4.554234273847747,0.3666812080603528
28.566,77.192,5.822552088170666,12,-0.45559826160397604,1.7588726102665146
28.566,77.193,4.662288758616607,21,1.0178774590357786,3.7087476275460483
28.566,77.194,5.916864254838276,9,-1.2624581041521752,1.3011676488669837
28.566,77.195,7.060141659617762,7,-0.6905267419690571,0.8684710884264982
28.566,77.215,4.84076251882485,4,2.0549105261296283,0.684842088187621
28.566,77.216,6.0452743359516345,6,1.7679429262753947,0.851634686442562
28.566,77.217,7.099913516398253,4,-0.3832901847507122,0.4938324331367256
28.566,77.219,3.094012115570271,6,0.6067310733645074,1.46555501806673
28.566,77.22,8.633281366323164,2,-1.126729715435837,0.20761357671870442
28.566,77.221,5.392669381277924,3,-0.67931291355653,0.4692875262384188
28.566,77.23,6.1096630485980805,6,0.9612267079275547,0.8439218510057394
28.566,77.231,5.260027961357335,17,-0.2089124627549875,2.715642822194993
28.566,77.232,7.6958514928672015,7,-0.41220452428631404,0.8049815484707588
28.566,77.233,7.204871532317118,9,-0.3203869363936493,1.0969093135158854
28.566,77.234,5.505861646037507,7,2.9450450948245086,1.075952791628063
28.566,77.235,6.995242086480201,5,-1.270486244274732,0.6253719331969826
28.566,77.236,6.322267199717188,11,0.38929825733979795,1.5022669481967088
28.566,77.237,6.679448134537567,9,-0.5657274566237714,1.1719592140382302
28.566,77.238,6.627087862806662,3,-2.1107461073590454,0.3933349207407769
28.566,77.239,6.3934958497393355,4,3.2199852190344393,0.5410160607773958
28.566,77.24,9.168211682473855,2,-2.3362312577255477,0.19669142052257257
28.566,77.241,6.2474326222493675,2,-3.117262497205058,0.2759597921421262
28.566,77.242,6.864230819898592,3,-0.244114456094767,0.38147405241580695
28.566,77.243,3.7205721049386398,3,0.3795401505917324,0.635516190264611
28.566,77.244,4.430689856527627,2,-0.37392719099569316,0.36827733728819423
28.567,77.164,9.701909853652614,1,0.7291828311846178,0.09344126550072697
28.567,77.165,7.3099099222925,5,-0.8204784043145865,0.601691239346265
28.567,77.166,6.326647717827049,8,1.1981077601651384,1.0919045528195064
28.567,77.167,5.21737566834725,2,-0.03896817805700592,0.32167913066312354
28.567,77.168,6.349234183452446,7,0.5626912605857232,0.9524801938902991
28.567,77.172,5.155822919344858,4,0.9477227470638009,0.6497912711929839
28.567,77.173,4.295826171614395,4,1.099722112854483,0.7553118003457105
28.567,77.174,6.344628156173656,9,0.7830275578167353,1.225385384886353
28.567,77.175,5.816886887974378,9,-1.3109857952833397,1.3202507461106383
28.567,77.191,6.29471813769287,4,-2.230765413446547,0.5483419543424739
28.567,77.192,5.861610146787138,4,2.5453268598194967,0.5829535509056791
28.567,77.193,6.993024782019414,3,-4.131472926236547,0.3753272486716923
28.567,77.194,5.069795567681864,2,4.008723880234895,0.32950038888440303
28.567,77.195,4.407848097448958,3,-0.7728413281216434,0.5547493098807987
28.567,77.215,11.048483288269983,1,-7.719812288064347,0.08299799867536588
28.567,77.216,3.3286710002056368,1,2.9042710056174212,0.23101778812769425
28.567,77.23,8.827200884890217,1,-0.11673296234702768,0.10175837572808213
28.567,77.231,4.0974554317886245,3,0.7538623986631056,0.5885289317669116
28.567,77.232,6.4351457663803995,5,1.8776110863446647,0.6724817719927656
28.567,77.233,6.8897508375942484,7,-0.3400905008048847,0.8872270042604347
28.567,77.234,5.139594545426673,2,0.6228623874681722,0.32575441019794726
28.567,77.235,6.116459545161995,13,-0.3737377493552127,1.8267510575308237
28.567,77.236,6.773562263628958,11,-0.5848741356588764,1.4150526652969566
28.567,77.237,5.761003041587833,11,1.0567187352222107,1.6269775257217798
28.567,77.238,4.302563802467635,6,0.49073198115814715,1.1315281104600385
28.567,77.239,8.048277674141007,5,-1.8309465132638927,0.5525913527487619
28.567,77.241,5.437714363996823,3,0.2199590426380751,0.46600389988993934
28.567,77.242,7.954841399950968,2,2.6405903340879786,0.22334287238308329
28.567,77.243,16.588586327451278,1,-6.3091126332738785,0.05685505255412461
28.567,77.244,5.643147946132309,5,-0.503692325985515,0.7526552231778968
28.568,77.163,6.966742084280388,8,-1.8083465970703787,1.0041745942529299
28.568,77.164,6.439471731092043,10,-1.1205452985044921,1.3441814636120804
28.568,77.165,8.355820709787054,1,1.3460891438655604,0.10688533171161645
28.568,77.166,6.545617714664603,9,-0.4876249103807518,1.1927452914171446
28.568,77.167,6.477901393205657,12,0.035821820885257726,1.6047283012989546
28.568,77.168,8.63470603516907,4,-2.01588011192834,0.41516575445052567
28.568,77.172,8.193825630217287,1,-4.567520170827831,0.10876864976787318
28.568,77.173,4.719150464109303,8,0.9711700527908851,1.3988091501009172
28.568,77.174,5.966384028644866,5,-0.814802777562497,0.7177324677250996
28.568,77.175,5.104086239487842,3,0.6338640362999041,0.4914740523475488
28.568,77.215,7.254874666373835,4,0.36012711991582824,0.4845621722512599
28.568,77.216,4.783456828221807,1,-1.7437859240716302,0.17290697064085495
28.568,77.218,6.321870537739797,1,1.7099690636268745,0.136577121221361
28.568,77.219,13.34398806477568,1,-7.020188561871444,0.06971561852144072
28.568,77.22,6.163680680664676,1,4.307516681323849,0.13959304505281436
28.568,77.229,5.747416719264134,1,1.315518298273453,0.14820486737464453
28.568,77.23,5.948320818484518,6,-1.131641215081614,0.8635179861065548
28.568,77.232,8.735599672176185,3,-2.302215456294766,0.30814742810079143
28.568,77.233,7.661485160377268,6,-0.7307503358975954,0.6927218472240225
28.568,77.234,5.922166696541103,14,0.36238697316122864,2.0224881332308247
28.568,77.235,6.416802335892509,13,-0.7687868122169929,1.752776926127374
28.568,77.236,5.199885637392104,6,1.4091379957694798,0.9677597863762882
28.568,77.237,5.892108460921167,12,-0.6736285856177617,1.7411217580281864
28.568,77.238,6.865900302111674,10,0.4778043699600999,1.271310290738799
28.568,77.239,4.459636794093281,11,0.37513486064272233,2.0147860406942777
28.568,77.241,2.7643384838301106,2,-0.4236611026024386,0.531301849871124
28.568,77.242,2.1043097371876325,2,4.041476252693463,0.6442656079196246
28.569,77.163,5.606987937934275,12,1.4663468038791052,1.8162588024569468
28.569,77.164,6.876496797686751,5,1.2439139460177917,0.6347999787759008
28.569,77.166,6.470940199379642,5,-0.7576573135076753,0.6692598075427214
28.569,77.167,6.912621967979516,7,1.449329680171377,0.8846625086257529
28.569,77.168,7.711931663257263,3,0.5843504622719745,0.3443553181956829
28.569,77.214,5.745270550892265,7,1.0866530008743305,1.0377641559646618
28.569,77.215,3.7811742836312496,6,0.5346496854842687,1.254921833856068
28.569,77.216,3.729533362676166,10,0.03775467422168681,2.114373498010718
28.569,77.217,6.087818554373385,3,-1.9551759664439927,0.4232613993975502
28.569,77.218,5.815385536152822,6,0.646498427215498,0.8803610548768611
28.569,77.219,5.817780117358998,8,1.2631980766785236,1.1734024656546065
28.569,77.22,7.045934849884245,4,-1.5520748579946204,0.497145462227742
28.569,77.221,6.8543859650066095,2,1.30413470297084,0.25463480008628747
28.569,77.222,6.957370810169283,5,-0.17488307954350849,0.6283482470881147
28.569,77.223,9.677131005943174,1,-2.3534369311414105,0.09365811840684295
28.569,77.228,9.902403986030334,1,2.5063624712093695,0.09172288985817606
28.569,77.229,6.808159883959695,5,-1.1926982066829965,0.6403557399319527
28.569,77.23,5.0926555405279705,9,1.1092441005961073,1.4771883852833223
28.569,77.231,8.491274471032815,5,-0.48770865494219995,0.5267996426886508
28.569,77.232,6.65120354105811,11,0.3201199401264239,1.4376823124586193
28.569,77.233,3.929787318314834,1,4.301593636777302,0.20284850753801553
28.569,77.234,5.198964315492633,4,1.631925809488249,0.6452690798692102
28.569,77.235,4.0682853665166245,1,6.816956543266329,0.1973053858818705
28.569,77.236,4.028305793993773,1,6.605078867610073,0.19887414190172825
28.569,77.237,10.56757192873383,2,-6.893598865928144,0.17289713107657478
28.569,77.238,7.4988420892049,7,-2.113587111149221,0.8236416121781218
28.569,77.239,5.489975187290303,6,1.753093652871214,0.9245027641631282
28.57,77.162,6.9189212187336295,1,-3.5113114931014864,0.12627982680700503
28.57,77.163,5.855038215472213,6,0.17301514705177645,0.8752686435004341
28.57,77.164,8.71687209320581,2,-2.409651726658405,0.20582755240736694
28.57,77.165,10.766953866005558,2,-3.8084812679606794,0.16996752284190994
28.57,77.166,5.325099342142931,1,2.364977514079243,0.15810028363304757
28.57,77.167,8.415831391022106,2,-4.458660771763959,0.2124082215307061
28.57,77.168,7.356253733097212,5,-1.1159518175098098,0.5983542577454467
28.57,77.171,5.926957562810731,1,-0.9786997117700285,0.1443635233697365
28.57,77.213,13.308260148446857,2,-4.322166745174863,0.13977939870048403
28.57,77.214,7.5516964567332465,3,-0.5209564851719947,0.3508075871469837
28.57,77.215,5.144861358209341,3,0.5803729929925856,0.488212804995526
28.57,77.216,4.891700415574601,13,0.4943465047114643,2.206493725586376
28.57,77.217,4.157725184517249,14,1.4914201562612164,2.714374942276101
28.57,77.218,8.393915929040727,4,-4.346660533576634,0.425807515227408
28.57,77.219,9.480907673283994,1,-1.0639851221571917,0.09541158372657135
28.57,77.22,9.490882626758705,1,-0.561998414842515,0.09532086437125292
28.57,77.221,9.137008946989386,4,-3.7942081965141004,0.3945937130881165
28.57,77.222,5.419115254068215,10,-0.39497121186281514,1.5578470870518089
28.57,77.223,4.734623023757005,3,7.357467420071919,0.5231381361201607
28.57,77.229,6.050971090931344,3,0.1032772148504429,0.4254733087557927
28.57,77.23,7.47792518650031,5,-1.741087537649819,0.5897669406143935
28.57,77.231,6.7288442944803935,19,0.6235738130574576,2.458323557322662
28.57,77.232,5.115586091023048,17,0.5894104501044728,2.779782631946589
28.57,77.233,4.985402875098144,1,0.943276885001409,0.16707313122737838
28.57,77.237,4.581372267406136,1,4.862357617948801,0.17916740759969696
28.57,77.238,7.521672476390435,4,-0.6922232983019971,0.46939142651658194
28.57,77.239,6.148462032442817,13,-0.38762903787504155,1.8185729938832114
28.57,77.24,4.228851051643133,3,-0.05842414572674892,0.5737398083001942
28.57,77.241,5.160489817993932,4,2.369774708913962,0.6492990197494617
28.571,77.161,6.434317442107735,1,2.6668856966699046,0.13451133984890556
28.571,77.162,5.427457564029478,6,-0.04305769819364739,0.933495077988271
28.571,77.163,6.022536008603707,5,-0.688409249191565,0.7119935011901992
28.571,77.165,1.2087470302926908,1,1.3556961369980454,0.4527453738636088
28.571,77.166,5.1645780326851565,8,-0.6197480472345174,1.2977368373931304
28.571,77.167,5.916951859850023,18,1.1905732757058127,2.602302338474029
28.571,77.168,6.484039735920176,4,-0.8013596942351735,0.5344707058143636
28.571,77.172,9.03729691608672,4,-5.525385224961602,0.3985136669205453
28.571,77.173,5.895869700292148,4,-1.4030653520844676,0.5800573638783426
28.571,77.174,4.082333387209225,1,1.3735951174061825,0.19676001627848994
28.571,77.202,3.5663347088165156,1,6.7893063233669615,0.21899402119367983
28.571,77.203,12.206746165365312,1,-8.640411456548795,0.07571887787337805
28.571,77.214,6.03270104779173,3,0.4979193918124416,0.42657863310455957
28.571,77.215,8.852357551839857,1,-1.342740146736852,0.10149854943228864
28.571,77.216,5.985486633280304,4,-1.549757583505953,0.5726157975799671
28.571,77.221,4.361742763578274,8,1.2137577864805071,1.492052183917348
28.571,77.222,6.419505828023999,2,0.23631027869887866,0.26955973165299746
28.571,77.223,6.32860608993279,7,-1.1601955702573628,0.9551611744579652
28.571,77.224,5.277351642977895,4,0.16886978317993995,0.637211395425739
28.571,77.226,7.25245787519416,3,-0.690017330254738,0.3635280598059905
28.571,77.227,6.485195412286973,3,3.116375649105558,0.40079113967759483
28.571,77.229,7.681450766686691,6,0.9733330287454751,0.6911287250540872
28.571,77.23,8.328587592974381,12,-0.7623781160282688,1.2863683682444633
28.571,77.231,6.098156173116249,25,-0.3540842976753013,3.522041413330082
28.571,77.232,7.435424775586926,8,-1.0574837997204751,0.9483814049474907
28.571,77.233,5.240696801408549,2,2.1626889266096323,0.3204770338383676
28.571,77.239,9.48076837891086,1,-1.8538221754456004,0.09541285179168495
28.571,77.24,6.0817028832552245,7,-1.3767331035968524,0.9884628196632745
28.571,77.241,5.974958031003329,9,-0.2733855059894351,1.2903303446408514
28.571,77.242,6.46333430970233,1,-3.0367066966928293,0.13398837014442735
28.572,77.161,7.2542582427694065,2,0.04138189303995077,0.2422991795479584
28.572,77.162,5.3612966451885145,8,1.9248145715288567,1.257605240914358
28.572,77.163,5.361241405660186,4,-1.1683149196727964,0.6288080808316485
28.572,77.165,9.332416740312135,1,8.974433126452025,0.09678277842767216
28.572,77.166,5.762616511776116,3,-1.2100837781195064,0.44361527742641255
28.572,77.167,6.134939885432377,2,1.115164354322169,0.2803107008768862
28.572,77.168,4.154140190612486,3,0.16025315946561106,0.5820563448126735
28.572,77.172,3.4206931696511265,1,4.456521453459896,0.2262088685243265
28.572,77.173,5.428441705972813,3,3.8241089825063264,0.46667608375644615
28.572,77.174,7.315559448439673,2,1.660541973742617,0.24051298200691462
28.572,77.201,8.970175403345433,1,-3.288680653660262,0.10029913813396463
28.572,77.202,5.92403145458146,5,0.3002180103087948,0.7221226582804767
28.572,77.203,7.770500376033467,6,-0.5342926191592768,0.6841114808450132
28.572,77.223,7.364932057986097,1,-1.1718434479733002,0.11954669721976863
28.572,77.224,10.422250235979039,2,-5.801803304020741,0.17509684682797297
28.572,77.225,4.8652830482010065,10,-0.29150889669297336,1.7049475562935006
28.572,77.226,6.326821319409328,13,0.3632567923601809,1.7743028570332366
28.572,77.227,6.837454948198394,15,-0.9553826684019125,1.9138865995584535
28.572,77.228,6.656501982739963,8,-0.2646687706684634,1.0448635706010896
28.572,77.229,11.487434873954513,2,-6.560466868679923,0.16016099544762963
28.572,77.23,5.758211015840884,15,0.6169490798434418,2.2195222914526944
28.572,77.231,7.255452691723613,3,-3.719618760354267,0.36339618335013996
28.572,77.239,6.852378983398353,3,1.0446618647169499,0.38204982290623724
28.572,77.241,6.297355154586596,1,4.503352285999123,0.13703595053496492
28.573,77.161,5.248475724851217,6,0.571128558448397,0.9602341857770227
28.573,77.162,6.594290140863492,6,-1.4779444557613404,0.7900672595737543
28.573,77.163,5.348728426106131,1,2.4813332707295164,0.15751185637236817
28.573,77.172,5.278974170130703,2,-1.7727999851354483,0.31852336795938246
28.573,77.173,6.729940529391094,1,2.696525228828122,0.12936710136355634
28.573,77.174,4.697504318180706,5,-0.6347651961245543,0.8775772199145205
28.573,77.202,6.738362788222259,9,-1.2185549634769595,1.1630367102583954
28.573,77.203,6.285770960686424,2,6.2704373306666605,0.2745076685489948
28.573,77.224,9.214983110929834,1,-1.9814305629590772,0.09789541393661429
28.573,77.225,6.4955192820001155,10,-0.38662543820439754,1.334130381602005
28.573,77.226,4.473679887139169,11,1.405473067237489,2.0096169719104955
28.573,77.227,6.650894283815341,2,-1.4840026795707644,0.26140735001799575
28.573,77.228,6.93322507515123,5,0.7933344067972419,0.6302607013711489
28.573,77.229,5.370401299406375,7,0.09835046356453514,1.0988318743204286
28.573,77.23,5.5337659594996165,15,-0.14779583691127668,2.295766345623553
28.573,77.231,5.574298410895761,11,1.6853956410631368,1.673182340151978
28.573,77.249,8.339123563959324,2,-2.969555153652879,0.214152857739051
28.574,77.169,7.086709077292242,2,-3.371407069816941,0.24731939542824277
28.574,77.17,3.3496796337410193,4,-1.2539525722490688,0.9196079566346659
28.574,77.171,6.57057734927896,1,2.320091574937864,0.1320903220274531
28.574,77.172,8.649224713588142,4,-0.14736609974050552,0.41454107648329064
28.574,77.173,6.219126626224758,23,0.19712668592944824,3.1859809629115547
28.574,77.174,5.324328847526628,10,-0.27448065438087027,1.5811954503142076
28.574,77.175,5.158601211890165,1,0.007123675734183266,0.16237453369595356
28.574,77.199,14.09069433317982,1,-7.127537945314416,0.06626600326807401
28.574,77.2,7.95742639764873,4,-1.066536144109915,0.44655683702296184
28.574,77.201,8.9374071490354,3,0.8330038338549303,0.301889613156406
28.574,77.202,5.402933415141614,39,0.2866762258501196,6.090958232951956
28.574,77.203,6.1656397113425845,14,-0.009824875522977092,1.9537683394602183
28.574,77.221,7.17935016434716,1,-1.2142758297076677,0.12225910126196629
28.574,77.222,5.9650743346394925,1,3.419330338236586,0.14357348564489647
28.574,77.224,6.364367077425441,8,-0.7154264053059363,1.0863119553780818
28.574,77.225,4.987948467544362,10,0.4344640063171269,1.6700210521519347
28.574,77.226,7.903299976385247,5,-1.2489011734463569,0.5615895244753966
28.574,77.227,5.304271331771103,5,2.324767155529655,0.7931130715776656
28.574,77.228,5.000598575709404,8,-0.011702021228203519,1.3332003297778043
28.574,77.229,6.160749617271205,6,-1.2442574009575458,0.8379011026343441
28.574,77.23,8.314245820529866,2,-2.5766459384331366,0.21472484606233258
28.574,77.249,5.266269447973823,10,0.21650966215466863,1.5958458350739237
28.574,77.25,5.7283314065453546,15,-0.08369663363847302,2.2293788896022457
28.574,77.251,5.442758764556457,10,0.11918253149829043,1.5521301301878616
28.574,77.252,5.422360483713703,2,2.6533427484733103,0.31141198085528643
28.574,77.253,8.311062207705849,1,-6.623165639297106,0.1073991320960565
28.574,77.254,7.348604457024178,1,-1.729630892260003,0.11978049806379801
28.575,77.167,4.346546759687476,8,0.6315392326450948,1.4962929082224332
28.575,77.168,14.43853108013418,2,-6.577946643688208,0.12954600341307973
28.575,77.169,6.504055021617663,2,0.7987268153115608,0.26652256603108654
28.575,77.171,6.259778534468897,3,1.0194098360077373,0.4132357462085406
28.575,77.172,7.041336731460438,10,-1.0974579690808735,1.2435743376939565
28.575,77.173,6.353314452532317,32,0.30611335695550457,4.351779079565939
28.575,77.174,9.453884099931006,2,-1.8459276022076745,0.19131645050600854
28.575,77.177,6.419335754918326,3,2.0016534035964724,0.40434886613822274
28.575,77.178,12.232544836344207,1,-6.309150740838762,0.07557125347903018
28.575,77.197,3.148485129856377,1,4.951694767527766,0.24105184632411122
28.575,77.198,4.986551864085964,9,-0.4151123401606557,1.5033695864212033
28.575,77.199,6.216029037662206,5,2.405563111137185,0.6929018680362548
28.575,77.2,6.199761136605865,6,1.764420767779301,0.8333609804767134
28.575,77.201,10.318443639931843,1,-8.434431710998783,0.08835136983604062
28.575,77.202,6.067865482959499,13,0.05930993941879599,1.839310613839889
28.575,77.203,5.199842837096163,10,0.5254970801943963,1.61294411209361
28.575,77.204,6.817603162676863,6,-0.7214835225766588,0.7674986661698893
28.575,77.205,6.989285361244915,7,-0.7339795072863077,0.8761734852977187
28.575,77.209,8.319387650480945,2,-0.5431640485171947,0.2146063749045557
28.575,77.21,10.008505908544961,1,-2.3201554997174627,0.09083884846024251
28.575,77.222,9.384404672876078,1,4.738691985283344,0.0962982502609886
28.575,77.223,14.123096658159422,1,-3.52076001502566,0.066124023578231
28.575,77.224,7.4650609478942656,2,0.8795539335856382,0.23626528058223986
28.575,77.225,5.8560024848326035,12,0.20515637790393706,1.7502910809246874
28.575,77.226,4.810891613505621,6,0.9589538915358494,1.0325437814146894
28.575,77.227,5.591329741075926,5,-0.8327972480999672,0.7585722754607377
28.575,77.228,6.467546071769324,6,-1.4237146574905086,0.8034767971077799
28.575,77.229,6.475391167887057,11,1.320662861757269,1.4714949028024153
28.575,77.23,5.6145895672075605,13,-0.24709209471679117,1.9653524784740541
28.575,77.231,5.0098799483857785,1,6.078266284215157,0.16639267482682324
28.575,77.249,5.706986093758703,4,1.6021029926764914,0.5963930659886512
28.575,77.25,6.518806071940246,8,-0.6277028777783562,1.0639987151491435
28.575,77.251,2.667258160400617,1,-2.2586815411490924,0.27268328442161227
28.575,77.252,5.447993400128115,7,1.3922789556125872,1.0856090516254122
28.575,77.253,7.231559782148802,10,-0.7915308123638424,1.2148365880408583
28.575,77.254,5.259421618093831,3,3.438736627977003,0.4792775088560952
28.575,77.255,4.134765670151939,1,3.706964701507669,0.1947508541262039
28.576,77.163,6.338360085890516,2,-1.2085428117426242,0.272540455441183
28.576,77.167,5.9815530140807205,8,-0.5910237911065004,1.1458768534544146
28.576,77.168,6.431543820837088,5,0.5506223639933003,0.6728077127097934
28.576,77.169,4.179935884796681,1,-0.9732730508712426,0.19305258254934005
28.576,77.17,5.4451293408842165,2,1.2635446755450186,0.3103118485634017
28.576,77.171,5.645338731686171,12,-0.340770974253676,1.8057770242443536
28.576,77.172,6.777166898287209,11,-0.03393349911427699,1.4143968033426884
28.576,77.173,6.039453475083897,22,0.7434913054714992,3.1252426168975855
28.576,77.174,7.001588186392354,6,-1.8852311863375668,0.7498511370784751
28.576,77.175,10.488981472050847,1,1.0784387031530418,0.08703991754470942
28.576,77.176,3.5847957761319265,3,1.165902488769517,0.6543366698289498
28.576,77.177,6.2117365840144085,7,1.1849608939421528,0.970640000290118
28.576,77.178,9.579921856148937,1,-4.550250762903849,0.0945186565266369
28.576,77.197,7.093688665151751,1,-3.9452035352953736,0.12355305984348124
28.576,77.198,5.848499750052617,22,-0.15386446836564918,3.2123823907317766
28.576,77.199,5.605853481421636,12,0.6249570593301557,1.81657071773525
28.576,77.2,3.9250848522569726,8,-0.3261259409214599,1.6243374967101156
28.576,77.201,7.463057721121525,1,2.8553859188103177,0.11816060258034962
28.576,77.202,7.495443104372406,2,-4.24214643065768,0.23542032774848987
28.576,77.204,5.671963118399829,1,3.4398032280501676,0.1498809244376991
28.576,77.205,6.539002203003206,11,0.21595210759876868,1.459079027144744
28.576,77.206,7.213255672835733,3,0.10819698718396638,0.36526319397581974
28.576,77.207,5.6141395710611866,4,0.29668095917099,0.6047649822058762
28.576,77.208,5.996562774200275,3,-0.4426428131053622,0.42878197435209997
28.576,77.21,6.850288814582088,8,0.10041590812904444,1.0190707869422357
28.576,77.211,6.875496895790839,3,-1.1888050010470927,0.38092834518205304
28.576,77.22,6.810714506207547,2,-0.09260340021159519,0.2560585204350389
28.576,77.221,6.173690595043534,3,1.9604931364630425,0.4181947855505182
28.576,77.222,4.962451001643107,2,0.6571395073234649,0.33543252589394
28.576,77.224,9.340900209877795,2,-2.366672179457135,0.1934067595091545
28.576,77.225,6.531015070433079,2,1.3576210531006456,0.26556845010867675
28.576,77.226,2.3743222607685044,1,2.7049190275257753,0.2963558079874236
28.576,77.228,7.988327047202366,1,1.936304417243429,0.11125540879281333
28.576,77.229,6.699337620846056,18,-0.2993575849863461,2.3378634483133673
28.576,77.23,4.778458636244894,16,0.1914733209666739,2.7689044790666757
28.576,77.231,7.572175113079588,3,-1.0764891419316711,0.3499695188707173
28.576,77.232,8.457367966898957,1,-0.42183731965970495,0.10573766437977532
28.576,77.249,7.3575910048302005,1,0.34983995856405503,0.11965170339420272
28.576,77.25,8.963994690422101,1,-1.6064036855919008,0.10036135416262826
28.576,77.251,7.623407112407847,3,0.3641957828745088,0.34789033625507837
28.576,77.252,5.999375354183514,24,0.2560588515821482,3.428877404846597
28.576,77.253,6.967833220132851,7,-1.0878762554046468,0.878532444970439
28.576,77.254,7.993153717856152,3,0.6823218264587526,0.33358709237265877
28.576,77.255,16.12745199300628,1,-11.99268632285434,0.058385800783930616
28.577,77.162,7.923133768066728,1,0.32951011666846597,0.11206825157980999
28.577,77.163,6.761489792693153,4,2.950401383769944,0.5153649759052306
28.577,77.165,11.654088452799263,2,-4.398271157385474,0.15805168483373228
28.577,77.166,8.304963137075434,2,-3.085050140533229,0.21493905677401784
28.577,77.167,6.2713228076802485,4,-0.6413412481368572,0.5501062331842904
28.577,77.168,5.4535906159333924,16,1.0422109436129874,2.4792400002096966
28.577,77.169,6.427291660445489,8,-1.3073127102755802,1.0771086374060825
28.577,77.171,11.320166097557406,1,-7.809816358627694,0.08116773686989981
28.577,77.172,10.277910555655456,4,-0.8582436743481874,0.35467562721484325
28.577,77.173,6.463298454390032,9,-0.32965730671233373,1.205901124683826
28.577,77.174,5.875119637811929,17,-0.03412262967434643,2.4726842434134584
28.577,77.175,6.621697006430168,15,-0.7930012385451408,1.968065640413809
28.577,77.176,6.889775016366836,16,-1.1137156884592845,2.027941223521459
28.577,77.177,10.617955536367903,2,-0.7277339927151685,0.17214732779268802
28.577,77.197,7.946522907985193,2,2.8495917290971575,0.22355053695943772
28.577,77.198,6.37174793136898,19,-0.45897820118216953,2.577407716173982
28.577,77.199,4.814108743039159,6,2.0498081905465195,1.0319724424114696
28.577,77.2,6.205535090298628,6,-0.20956196372511174,0.8326931900003188
28.577,77.205,5.52934299946075,8,0.7773389403288851,1.2252381289604037
28.577,77.206,5.273667676739556,13,-0.09415676209970741,2.072153111998457
28.577,77.207,6.322481294427758,14,-0.09849241090485432,1.9119202135283953
28.577,77.208,5.388252628920428,17,-0.016520910651917194,2.6611345836635905
28.577,77.209,5.982839647467751,19,0.7195119532018972,2.7209560807958892
28.577,77.21,6.3281506084037025,15,-0.7385996669182212,2.046901162593254
28.577,77.211,5.995783769065295,3,1.328748596361731,0.4288297207334682
28.577,77.212,7.78587576567806,2,-1.219924179154484,0.2276380924725775
28.577,77.22,6.530429625511367,6,0.7106222695534449,0.7967672893022434
28.577,77.221,7.225460729336933,6,-2.315748085277365,0.7294424224287396
28.577,77.222,4.886733698984931,3,0.9916125287559753,0.5096204709442351
28.577,77.223,4.288214839889725,6,0.10021717751471766,1.1345983818095253
28.577,77.224,5.329216172695593,9,0.3555146529023966,1.4219770275545713
28.577,77.225,7.96377779025696,4,0.9821009107761665,0.44624042380297946
28.577,77.226,11.617902103647864,1,-9.24357984287936,0.07925247729659415
28.577,77.229,5.354589238640175,2,-0.24332753646107586,0.3147331676198133
28.577,77.232,10.361923401899386,1,-1.9985766790630084,0.0880132671755936
28.577,77.233,5.222568763533101,3,-2.091769349644942,0.48211600610687916
28.577,77.248,5.634058861406991,2,-1.299569523065649,0.30147456357898944
28.577,77.25,7.061553251853893,6,0.6650718737432871,0.7442734436592844
28.577,77.251,6.247333557789434,21,-0.15526794366690733,2.897617424746402
28.577,77.252,7.634410265127036,21,-1.080526420453804,2.432129045896226
28.577,77.253,7.031279651899872,17,0.35255702009484924,2.1167237024274823
28.577,77.254,3.6564416131672983,2,3.5399846471711562,0.429512526119619
28.578,77.162,8.23713271676453,2,-1.71369668956706,0.21651740440734252
28.578,77.163,3.8318570531778735,7,0.45941339602679754,1.448718354653343
28.578,77.164,9.941776487640537,1,-3.896569033753125,0.09139283745464609
28.578,77.165,3.733113216776097,3,1.391974845357942,0.6338322923201516
28.578,77.166,7.165525417191,9,1.3406645845619787,1.1021948423615424
28.578,77.167,6.190461685640834,9,-0.5834097261220468,1.2516581540198966
28.578,77.168,5.930733473394088,8,1.5601345490801564,1.1542789851479132
28.578,77.169,4.117387367369406,7,-0.052574880175257147,1.3678855043561715
28.578,77.172,6.485287769013155,9,1.2344406472508105,1.2023585836281805
28.578,77.173,5.4753053411879,16,0.38698519406204984,2.4709259497351805
28.578,77.174,6.286374975590945,16,-0.012423972776801018,2.1958793026160937
28.578,77.175,5.724633541868709,23,0.6663329501170325,3.4202607260006213
28.578,77.176,5.9058254945159305,27,0.659386539204121,3.9097425820332847
28.578,77.177,5.959819000970595,12,-1.0445301319548765,1.7241827694551422
28.578,77.183,6.645279498186833,2,1.869110375463075,0.2615993307339939
28.578,77.197,7.896809750349752,1,5.877912976035655,0.11239984084864665
28.578,77.198,10.096808726690341,4,-3.092535165871783,0.36046399451574695
28.578,77.199,4.7366315809335,4,0.8763666293308585,0.6972732941914139
28.578,77.204,5.498273354324808,1,2.1096299428391463,0.153887032058211
28.578,77.205,9.285806326617774,3,-3.80377983137479,0.29166405673384616
28.578,77.206,4.744529909446681,2,2.2081261113384993,0.3481572959888448
28.578,77.207,5.6478398566679475,3,0.978924165606755,0.4512744086322907
28.578,77.208,7.6775940388174,1,-1.1610672578788312,0.11523931582034252
28.578,77.209,7.310642560727271,7,-2.4102936302479803,0.842293474764414
28.578,77.21,4.881195091123121,6,-0.029407716423131853,1.0202008107257314
28.578,77.211,5.251468792029466,10,0.27984943515926625,1.5996240775847523
28.578,77.212,5.497733694641758,5,0.480323491198939,0.7694990645928076
28.578,77.213,5.170922408488246,2,-1.7536768075092788,0.3241006558839492
28.578,77.22,7.185616694363356,5,0.6249430085863945,0.610827526708283
28.578,77.221,7.502634177839971,2,-1.1895084669010312,0.23522122181999894
28.578,77.223,6.62721591581203,5,-0.24714297948769862,0.6555471950957187
28.578,77.224,4.898012002276359,1,0.304434215919934,0.1695486546338065
28.578,77.229,4.687326198588364,1,5.194041231504235,0.1758295489096805
28.578,77.23,8.760811108838743,4,-3.0327702661073292,0.40980200880825013
28.578,77.231,6.465794432713203,5,-0.10304794679821398,0.6697210919833633
28.578,77.232,6.755681888752239,3,1.5133344154662316,0.38681318329350023
28.578,77.233,5.566970986069946,3,2.210943415956801,0.4568316209046285
28.578,77.234,5.4129952374924475,2,0.8819232624906812,0.31186675273160225
28.578,77.247,5.481257995299608,4,0.5622002311700842,0.6171641374098845
28.578,77.248,5.005733544535062,4,0.17211241738705008,0.6660302143507206
28.578,77.249,4.232483369247273,6,0.6583609372902136,1.146683052117018
28.578,77.25,6.43786829763661,20,-0.049080387019154695,2.688942476482814
28.578,77.251,6.045042555004932,28,0.5899170497210545,3.9744259571730005
28.578,77.252,5.011940891279577,26,1.3206605573027899,4.324726485204378
28.578,77.253,6.584959733066627,8,-0.9900687932331753,1.0547188490828772
28.579,77.161,3.547250199059099,2,2.9946965734862063,0.43982624937018705
28.579,77.162,5.191407207519331,2,0.9208612477654423,0.3230283412099018
28.579,77.165,4.2857685855452,3,-1.6418314981699567,0.5675617370393383
28.579,77.166,10.735698070940542,3,0.3531934559572771,0.2556302984164596
28.579,77.167,6.579432509561279,19,-0.27251200215645816,2.506783980994875
28.579,77.168,5.773869325010754,13,0.004101700490382498,1.9191394720298007
28.579,77.169,2.591319386858207,2,4.596971747389986,0.5568983943111947
28.579,77.172,8.67252488245642,6,0.5780755504015916,0.6203137312039924
28.579,77.173,6.340752361359825,14,-0.7593134390764673,1.9071614612274694
28.579,77.174,5.6947563112896,17,-0.19477061023957626,2.539300791476504
28.579,77.175,7.149656070401999,8,0.9474874796059625,0.9816365170371396
28.579,77.176,5.226485290853495,18,0.19821755877268032,2.8908764992091793
28.579,77.177,6.866695050470641,20,0.02271623392961155,2.5423637082262975
28.579,77.178,9.226422467558177,1,0.7791604095747164,0.09778590735639497
28.579,77.18,11.844407010336031,1,-0.15221386662064518,0.07785489818216515
28.579,77.181,6.707817231582418,3,-3.2246619869651947,0.38921524860600504
28.579,77.182,10.12078216894519,2,-1.7301674752015312,0.17984346511030533
28.579,77.183,14.195228904890225,2,-5.736957817169037,0.13162026136745775
28.579,77.191,11.043687226603417,2,0.3441094833290741,0.16606210061501603
28.579,77.198,9.532504464706998,7,-0.6474028901641005,0.6646092601675182
28.579,77.199,8.88564980617007,3,-1.4685251961042545,0.303470187475948
28.579,77.208,2.9524025547586716,1,0.8536545532661521,0.2530106653220344
28.579,77.209,7.785348659382762,4,1.020875420070566,0.45530350075839
28.579,77.21,5.210975385862793,2,4.156051034955477,0.3220106143959821
28.579,77.211,5.126737642742993,8,1.0421446897568307,1.3057520113458507
28.579,77.212,9.391815706265191,4,-3.962878369547107,0.3849182965772202
28.579,77.213,6.836082032371307,2,4.999729349655221,0.25522958944762
28.579,77.221,4.909103918919614,3,0.3563259571793944,0.5076911899272373
28.579,77.223,10.21494322794649,1,-0.5270676889896571,0.08916674651621084
28.579,77.229,8.500816906009396,1,-0.04601539598973936,0.10525410708288531
28.579,77.23,5.863970421121214,5,0.7143339343814121,0.728441367494014
28.579,77.231,6.392175122641141,14,0.3303174278625965,1.8938945259995352
28.579,77.232,6.764021355721815,9,-0.34549612307571065,1.1591931020858555
28.579,77.233,5.9202279690624025,8,-1.4975008806821588,1.156031280438279
28.579,77.234,4.48925645049779,6,-1.1642778998411616,1.0930442135666467
28.579,77.246,6.07891440348315,1,8.51742126120838,0.14126459835535718
28.579,77.247,11.14015455862974,2,-5.971910410990926,0.16474254840341507
28.579,77.248,4.124747652690967,4,-0.059034025325660856,0.7805262368186323
28.579,77.249,5.54454626923035,10,-0.055796737344160796,1.527989808402106
28.579,77.25,8.239068037542669,12,-0.9963993081955591,1.2988323011843153
28.579,77.251,6.697152708890447,23,-0.45843925396246055,2.9881179274817162
28.579,77.252,6.390193469035806,8,-2.0320373043795135,1.0825156382602463
28.579,77.253,6.555520148448717,12,0.07834745088309865,1.5882427369959187
28.58,77.159,4.333890854408537,5,1.822949129994375,0.9374020084920613
28.58,77.16,10.232538213017117,1,-1.9424095868054643,0.08902707304757923
28.58,77.161,8.81507321643193,2,-1.4135061824226156,0.20376822015465915
28.58,77.162,8.297334454253589,2,-0.9380264555756987,0.21511541935387593
28.58,77.163,6.210663368710572,2,0.15466935604973875,0.2773669907651846
28.58,77.164,1.572728510549505,2,-0.710669870374568,0.7773847849856583
28.58,77.165,5.529759466300664,2,3.311827573455873,0.3062899958753105
28.58,77.167,8.218769635110627,8,-1.047165651835604,0.8677947618444853
28.58,77.168,6.8825958487788235,1,1.4393296198268892,0.1268617621890282
28.58,77.172,6.023646872137791,2,-2.6244040773857042,0.2847523567754851
28.58,77.173,4.466157391082561,1,4.278287058252699,0.18294387235014323
28.58,77.174,6.273454406658199,1,-0.6181564967626283,0.13748625399845624
28.58,77.175,4.576135982733866,8,-0.40723193412874437,1.4346852416747848
28.58,77.176,6.703616561506411,4,0.2950646268888779,0.5192366426941966
28.58,77.177,9.574972954171404,6,0.20687720503375825,0.5673773376066404
28.58,77.179,3.010243301375243,2,1.2764041415519634,0.4987228578660389
28.58,77.18,5.621780269301532,11,0.0381166823562037,1.6611846894098592
28.58,77.181,5.019790503584708,9,0.6205424575789462,1.4950686397874837
28.58,77.183,1.9269068158070028,3,3.601858003241057,1.0249728429337932
28.58,77.191,6.605196280200727,5,0.24923591635561565,0.6574452276816231
28.58,77.192,7.702143340180676,4,-1.6312004411889096,0.45965687344296846
28.58,77.199,7.044779886270057,6,-2.8854443124000206,0.7458252537449954
28.58,77.2,3.809389706939945,1,6.724600475391488,0.2079265896371427
28.58,77.207,5.610376216116632,1,-0.4931070441438621,0.15127732027746305
28.58,77.208,5.193565316251796,11,-0.676753146958964,1.7760368121308436
28.58,77.209,6.143744305013928,15,0.19695600863712753,2.0997392067171354
28.58,77.21,8.141700640754342,5,-1.5831967251937962,0.5469441842921053
28.58,77.211,6.884835730143878,3,3.599337251956794,0.38047717196325886
28.58,77.221,5.449804883876602,7,-0.6978976259312232,1.0853041488896495
28.58,77.222,16.539523424581134,1,-10.410575334489147,0.05701409187655173
28.58,77.23,7.458252527405272,9,-1.4901135390652842,1.0640495741690654
28.58,77.231,6.705771219803223,13,-0.13950132280313332,1.6870472311182854
28.58,77.232,5.875991285044603,25,-0.4409100400932047,3.635839395895603
28.58,77.233,4.863706720730887,10,1.8988765299381438,1.7054058936210816
28.58,77.234,7.833888749966295,3,0.6142734521372294,0.3396012882787828
28.58,77.248,5.338908043991013,13,1.6076624415738665,2.0508264057124777
28.58,77.249,6.295400507353405,12,-1.3143032351798842,1.6448719968019014
28.58,77.25,5.904790728525169,8,-0.03493129861765726,1.1586158530410322
28.58,77.251,6.579111748779169,12,0.3593157702873075,1.5832989930426795
28.58,77.253,9.948371148120687,1,-6.751069799930312,0.09133778773764463
28.58,77.254,3.1973013481903747,1,7.54606614940363,0.2382483212531643
28.581,77.158,2.7814811444867638,1,2.095477159149033,0.26444664452656513
28.581,77.159,6.052128085042173,3,2.8602052680491803,0.4254035042788165
28.581,77.16,5.122670397285985,16,-0.8028102339250653,2.6132388258385375
28.581,77.162,10.718061058713362,2,-2.513463888641165,0.170676700691266
28.581,77.163,4.039406484877185,8,-0.25534023543854995,1.5874885314386318
28.581,77.164,5.912060029620385,4,0.7261108286494564,0.578698677797751
28.581,77.165,7.301868148354511,3,-0.288079109228657,0.3613644479037674
28.581,77.166,9.585564640291638,1,0.5959332446450318,0.09446827202714521
28.581,77.167,6.764952501877419,2,-0.9502964100406661,0.25756757681601244
28.581,77.169,6.521332190656985,1,-1.7256804071690963,0.13295516999531043
28.581,77.17,4.6486191469295655,2,1.7133336996278787,0.3540688348739435
28.581,77.175,6.798745928792201,3,-0.9261747844006291,0.3846772323899277
28.581,77.176,5.865671098314895,4,0.3250219292578205,0.582608741770598
28.581,77.18,7.076604591170884,6,0.20388019740831456,0.7428864360351416
28.581,77.181,5.936934699307053,2,1.429823521416085,0.2883117813116772
28.581,77.182,5.585215573481919,11,0.36371931279982567,1.6704084896318396
28.581,77.183,4.367721736024673,9,-0.3279741736155684,1.6766890018902856
28.581,77.184,12.942859383160126,3,-4.769958229578322,0.21516389985423887
28.581,77.19,17.806235065097447,1,-13.333075453450054,0.053173854125427966
28.581,77.191,6.8202365964726255,3,4.0363781657079745,0.38362010701225735
28.581,77.192,7.7262159111258075,5,-1.4729074019397128,0.5729860515627475
28.581,77.193,5.028028842258922,15,-0.3917934818842184,2.4883756187170056
28.581,77.194,3.8644628287177016,8,-0.11936880044187204,1.6445803538206585
28.581,77.197,13.810653453428564,1,1.8812469198364603,0.06751896553007976
28.581,77.198,5.702885939000056,6,1.13867421161253,0.8951368193645687
28.581,77.199,4.052802914624784,11,0.7611006542445911,2.17700951053557
28.581,77.208,4.811419296439372,3,1.045279271251627,0.5162250126811682
28.581,77.209,5.383193514998542,18,1.0674872712459285,2.819905108266816
28.581,77.21,6.2060815726346945,7,-1.4178534592557364,0.971401715265437
28.581,77.22,5.535478506666953,5,0.9182634204804938,0.7650549221299426
28.581,77.221,6.359509774497085,8,2.4452416515158486,1.087028925176838
28.581,77.229,9.872183482222717,2,-0.9310090822355179,0.18395568868665915
28.581,77.23,5.622492765491325,10,0.6755638794163108,1.5100054245598102
28.581,77.231,5.904951422160448,17,0.5395080719773743,2.4620013901098488
28.581,77.232,6.401173903338791,24,0.1758559666120649,3.2427288310538422
28.581,77.233,7.142750515346123,10,0.013831531034015932,1.2280862567450197
28.581,77.234,7.642773230369727,6,-1.5245705117927866,0.6942216161493951
28.581,77.235,6.421942458585203,1,1.5117916506064581,0.13473561747211707
28.581,77.248,3.7949892266932634,1,3.8799119565844196,0.2085510420822412
28.581,77.249,5.481416209449188,2,0.8158002417439336,0.30857453608429297
28.581,77.25,6.72196447712934,6,0.9311647273745,0.7770043513888988
28.581,77.251,8.048778897021133,2,-2.725851981137293,0.22102429761637804
28.582,77.157,5.55929949834112,2,-0.7890573722099425,0.30491060829068867
28.582,77.158,4.992868048436425,14,0.11645433945959681,2.3361101707641776
28.582,77.159,7.458467069757844,3,1.397777514062323,0.3546741951300032
28.582,77.16,4.1530800279833295,4,0.39894677721698957,0.7762347912856711
28.582,77.161,4.841097409139506,2,2.5413628572946876,0.3424014119111625
28.582,77.162,8.340200315412202,7,-1.771363906206886,0.749448594635529
28.582,77.163,6.664731823092639,8,1.3617709236292788,1.0437416708954188
28.582,77.164,6.257212917632758,2,1.280583535705837,0.275587890654362
28.582,77.165,8.340883091577817,5,-2.8827414100714464,0.5352812952458678
28.582,77.166,6.72092066506236,2,2.8801651448720986,0.25903646556687504
28.582,77.167,9.76509635031234,1,2.561159730528823,0.09289280536453218
28.582,77.169,4.839123775644216,14,0.9788799079967737,2.39762000908354
28.582,77.17,6.000554570841305,2,0.33662185726349936,0.28569165196288815
28.582,77.174,9.852166829239104,1,-1.9213228682105923,0.09214749604712026
28.582,77.175,6.1216805947639195,2,3.0548216959358014,0.28083258907601977
28.582,77.176,6.4150957409801705,6,-0.7466456275189134,0.8091601524226423
28.582,77.177,4.580720010237873,1,6.657850889893571,0.17918834812810755
28.582,77.183,5.47091833126235,11,1.170217116397488,1.6999132792105744
28.582,77.184,5.153499534929718,6,0.15574977701252676,0.975054920528003
28.582,77.185,6.76315551805323,4,-0.3964944683576935,0.5152543950327922
28.582,77.19,4.473159611647394,1,1.078629566361477,0.18270981863417737
28.582,77.191,6.687740516624331,7,0.36734247032397654,0.910540617865922
28.582,77.192,6.272942670634416,18,0.756523352116807,2.4749266995706796
28.582,77.193,7.946662581976083,10,-0.9918359829148706,1.1177352346053564
28.582,77.194,7.7054877739971674,2,-1.999967369939367,0.22974014230126136
28.582,77.197,3.629615567240437,2,5.292800681628102,0.43200131219364607
28.582,77.198,8.819422092381703,7,0.0647497772960266,0.7128729098457716
28.582,77.199,9.840267720548285,2,-8.640756987203034,0.18449728840265606
28.582,77.203,8.933095782188545,1,-5.2682305150528315,0.10067354850168085
28.582,77.208,7.41320099518749,4,-1.4541913968082996,0.47544329468511154
28.582,77.209,6.915507729455281,9,-1.0477852456704073,1.1370085542976724
28.582,77.21,6.486742144625619,12,-0.30205397653598826,1.6028333510342998
28.582,77.211,7.1424580001872355,6,1.3561004042607756,0.7368782252069375
28.582,77.219,6.8954595390701385,1,-2.019391673383793,0.12665507245671626
28.582,77.22,6.113187972631509,13,0.23504159211848433,1.8275912361684261
28.582,77.221,6.57793577318784,11,-0.7503829999507275,1.4515826379685173
28.582,77.222,5.6877951512361,14,-0.49083213064886905,2.093365553729975
28.582,77.226,5.5258426637298905,3,0.5101716744669345,0.4597107461192344
28.582,77.227,6.499553128078282,6,-1.2456391521462018,0.8000476691785856
28.582,77.228,10.518684642913309,3,-0.9800961767484221,0.26044640451596207
28.582,77.229,6.042149596499624,11,-0.23095906025630472,1.5620230512381714
28.582,77.23,5.401412308880383,11,-0.4252547927765207,1.7183708015089434
28.582,77.231,7.011066428943077,9,-0.45542123392239525,1.1234459331761395
28.582,77.232,4.543469057571266,18,0.002426250469250885,3.247064214314611
28.582,77.235,3.3123862015045127,2,0.38909345318613586,0.46378035420441627
28.582,77.236,4.962615792499805,4,0.38015657264294367,0.6708465108604649
28.582,77.247,7.8992875888703145,1,5.760107527564192,0.11236854523620818
28.582,77.248,7.9795630079459565,1,-4.866398539147719,0.11136399389537181
28.582,77.249,4.020854808072642,6,1.2932646405537402,1.1950156356549222
28.582,77.25,10.127982581432365,3,-1.1608399666670763,0.2695906448492884
28.582,77.251,9.536280535374848,2,-1.4591669164664207,0.18982030644354386
28.583,77.157,7.186890054194497,1,1.8006215741106937,0.12214650415241096
28.583,77.158,8.184134001898666,5,-2.4088872102727352,0.5444171436268606
28.583,77.159,5.84703490739078,4,-0.4939432371307264,0.5841944803994422
28.583,77.16,6.817455644908245,1,-0.8141279543574944,0.12791885818390686
28.583,77.161,7.3266051441240165,3,1.1675901068127648,0.36029089263552544
28.583,77.162,7.660524061123295,5,-1.2722928399303453,0.5773322681989622
28.583,77.163,5.0412861217930285,3,2.4626945514158436,0.4965830022812448
28.583,77.166,5.270163820443246,8,1.8985170866870094,1.2758837295314032
28.583,77.167,4.703201086051202,9,2.0363768467624763,1.5780611386843884
28.583,77.168,6.8142766776691595,13,-1.6234320443086157,1.6636216679081852
28.583,77.169,5.3033286569794775,9,-0.24477201030722964,1.4278170296633006
28.583,77.17,14.842211797014013,2,-7.856853516024082,0.1262449982127474
28.583,77.171,7.390545627099787,9,-2.281485031186961,1.072635845150737
28.583,77.172,7.621700894113958,3,-2.1387717711617316,0.34795918309438256
28.583,77.173,5.820785664863916,6,0.20179944306712047,0.8796640584834604
28.583,77.174,6.366693606043635,3,1.1795950872810634,0.4072383297628667
28.583,77.175,5.900089147287959,19,-0.06426633270229413,2.7535876123380003
28.583,77.176,6.898729672673539,5,-1.4230665635363173,0.6330131815117068
28.583,77.183,10.418419961324462,1,-2.4636525673768617,0.08757779126946795
28.583,77.184,9.309465085650151,2,-0.8251574235461656,0.19399648608188413
28.583,77.185,6.091242144070493,2,0.675710602587885,0.2820380349967807
28.583,77.186,16.894564368164836,1,-3.3256430108797836,0.055882891554434315
28.583,77.187,4.003518159554778,5,1.3607741134516196,0.9992968628387888
28.583,77.188,5.339853640113178,4,2.401364629662809,0.6309293916016321
28.583,77.19,13.256833898021839,1,-6.182403811228921,0.07014180056756864
28.583,77.191,5.149973432025858,14,1.7408871863324709,2.2764325984068963
28.583,77.192,7.605219925191095,16,-1.1200839352054646,1.8593365584023338
28.583,77.193,6.0536196581495805,9,1.595200285203001,1.275940642702732
28.583,77.196,8.791132346323842,1,5.330073806365121,0.10213323287121719
28.583,77.197,7.983152953324536,4,-2.3336797785363,0.4452779576150551
28.583,77.198,6.449270129268182,9,-0.540680347636898,1.2081720549559614
28.583,77.202,6.597045126856865,5,-0.41231644790878297,0.6581506252113914
28.583,77.203,4.420092200983405,2,-0.7221879358979548,0.36899741292908744
28.583,77.205,7.6047272872698715,1,-3.0946458421151153,0.11621518807219311
28.583,77.206,9.647569383795119,2,-1.6254853377435459,0.18783629652076886
28.583,77.207,7.127453469692707,9,0.007001227406900629,1.107357923802458
28.583,77.208,6.325694902829745,16,0.02640474580504809,2.1840931423201333
28.583,77.209,7.023581946164242,6,0.4413378377470964,0.7477956902862273
28.583,77.21,6.555256213929724,16,0.3106249754444965,2.1177309606655816
28.583,77.211,7.190832961621989,8,0.5645917587130549,0.9767016416381418
28.583,77.219,4.146828171771732,5,0.01781999482547918,0.9714721053683072
28.583,77.22,6.733659794122702,6,-1.4049508106813695,0.7758293175192139
28.583,77.221,5.433210941475351,13,0.06376123030683575,2.02076383290778
28.583,77.222,6.540052453632118,6,0.28331223196111566,0.7957504323606848
28.583,77.226,3.7213032597699716,3,-0.04741304731814525,0.6354177723686752
28.583,77.227,6.35157710208356,6,-0.2880698346993206,0.8161514076074233
28.583,77.228,8.885325433753524,2,-1.7667836111826611,0.20232009693590702
28.583,77.229,6.648296288535391,16,-0.7057083278306162,2.0919691649477032
28.583,77.23,5.6532905470020545,20,1.0755077313805583,3.006031355268547
28.583,77.231,5.39739004924198,20,0.17875704150486135,3.1262749099329623
28.583,77.232,4.615596047034541,17,0.5767356246258842,3.0272832763633852
28.583,77.233,5.978034865412615,18,-0.4270301978818902,2.579522795052078
28.583,77.234,6.90950076186604,1,5.238777076862794,0.12643022993578626
28.583,77.235,10.016705652748286,1,-2.9790829587597143,0.09077123702134446
28.583,77.236,8.971145012425332,2,-0.7970069331516889,0.20057876979100617
28.583,77.237,4.980666517778491,2,1.3089053190043831,0.334410887825743
28.583,77.247,8.122789248768314,2,-0.3475976556582858,0.21923119623420262
28.583,77.248,9.132431730907939,2,-2.8399160542442745,0.19738598325801754
28.583,77.249,9.854024296898636,2,1.8371198220422453,0.1842634533784366
28.583,77.25,6.372518810110696,7,0.7251150235765229,0.9494719756293029
28.583,77.251,6.780501281247293,4,-0.6547862591993081,0.5141056926037495
28.583,77.252,4.979150560000686,7,2.0636965834154735,1.17073486104006
28.583,77.253,6.38348752106591,6,-1.572235710977119,0.8126241133179047
28.583,77.254,5.474098748958132,3,-0.27012441139312343,0.46338496157210857
28.584,77.158,1.3437168288108814,1,7.038129307595845,0.42667270538282753
28.584,77.162,6.821930312751923,3,-2.704681834743391,0.3835370400972718
28.584,77.163,6.515422206613796,1,3.1871599593622166,0.13305972339384606
28.584,77.166,6.299245486976019,7,0.42638341798087015,0.9590032301955099
28.584,77.167,6.529381978491401,7,-1.2536902909788896,0.9296911778412033
28.584,77.168,7.528987054319681,9,-1.2108859416383102,1.0552249572757604
28.584,77.169,7.577972409635606,3,0.6808862024636007,0.3497329971159747
28.584,77.17,6.40087920107473,6,-1.2018338923808949,0.8107144890472879
28.584,77.171,6.577758368110752,15,1.6568257350595141,1.9794772109815535
28.584,77.172,5.961407046519842,21,1.0555645910265279,3.0166315314801704
28.584,77.173,6.789582618493394,30,-0.5436457385818564,3.8512974917008314
28.584,77.174,5.522773669417545,18,1.1775223682088969,2.7595622525420724
28.584,77.175,6.264302538740991,9,-0.1548072853657088,1.2389351836604303
28.584,77.176,6.041416503251256,4,-2.1533512651063598,0.5680675185387866
28.584,77.177,4.334839948018626,2,3.7121633975175037,0.3748940960717679
28.584,77.184,7.880871502053723,4,-1.0555547955028093,0.450406246625119
28.584,77.185,8.267753980214685,3,-2.7209777647822215,0.3237030251778981
28.584,77.186,4.319530977955013,3,3.2642887355699575,0.5639594942547528
28.584,77.187,6.035085673218681,9,-2.128042302975336,1.2793021177071657
28.584,77.188,5.276094515517397,2,3.5733055731125685,0.3186695157402551
28.584,77.189,6.4559212870914955,2,0.020642512575053118,0.268243175187836
28.584,77.19,13.000378473912052,3,-3.64749077354255,0.21427992147427466
28.584,77.191,7.8272124525148605,11,-0.3586016719201611,1.246146511050169
28.584,77.192,7.313804709152235,13,-0.40215138342306644,1.5636643456020776
28.584,77.193,8.89709796374549,5,-0.17307457063666973,0.5051985964285418
28.584,77.194,9.612954339774246,2,-2.4074401501352516,0.1884489404146954
28.584,77.195,8.047853321340972,3,-1.5605287223893705,0.3315703618806426
28.584,77.196,5.4574304243704015,4,0.11279350825774115,0.6194414398804768
28.584,77.197,5.1370693053776,3,1.2813753371935153,0.4888326741513663
28.584,77.198,6.4469348079184865,4,-0.6883594313891184,0.5371337473972129
28.584,77.202,5.291122191213069,12,0.6898515738512558,1.9074498372898607
28.584,77.203,4.378816706039513,6,-0.6764550142341763,1.1154869793690874
28.584,77.204,3.9164105854802638,2,5.565689914334595,0.4068008489581079
28.584,77.205,4.7854931085432995,5,1.332292490162652,0.8642305688026176
28.584,77.206,4.645632465841378,3,1.074409833278507,0.5313842192440533
28.584,77.207,6.358329632114307,19,0.2901929799126231,2.5821077540583937
28.584,77.208,5.330226714126737,35,-0.21404848062402698,5.52902788171755
28.584,77.209,5.959548292236613,10,-1.545688431106375,1.4368748631509627
28.584,77.21,6.169492415843588,24,0.24607720807150482,3.3475173147492723
28.584,77.211,6.1981307720578895,5,1.0779430872988225,0.6946247794509767
28.584,77.219,3.542083577101619,4,3.3488982947844264,0.880653103823437
28.584,77.22,6.4339593391862575,7,-1.7050714102782698,0.9416247359736353
28.584,77.221,5.7844881950423765,2,2.5125787037810716,0.2947901068589755
28.584,77.222,6.352379796820161,4,1.1599779392816643,0.5440415362832541
28.584,77.223,7.153681694091971,1,0.600559890200139,0.1226439831131235
28.584,77.226,5.570531650040374,2,3.8880640127882593,0.30438937159487095
28.584,77.227,9.320547263623611,2,2.777274803281778,0.19378817313780577
28.584,77.228,7.2158073024399005,5,0.39827261340522424,0.6085829202098153
28.584,77.229,8.520113151602889,7,-0.5106383433585521,0.7352853782858053
28.584,77.23,5.223086668713188,19,0.8889141603788714,3.0531472581802923
28.584,77.231,6.222254442732825,10,0.7749026516683206,1.3846092074562946
28.584,77.232,11.070754315253406,2,-5.660081454502562,0.16568972806220297
28.584,77.236,6.259764795690842,3,3.915105058346833,0.41323652823858725
28.584,77.247,1.7891487466140763,1,2.941532550850897,0.3585323304158529
28.584,77.248,6.878396718620901,14,-0.9668682356356096,1.7770113006508608
28.584,77.249,7.655808958088012,7,-2.39373576600047,0.8087054640293534
28.584,77.25,6.693161161458652,4,-1.3658185175281787,0.5199423118859485
28.584,77.251,5.853555764983743,7,1.231344809125278,1.0213676287226656
28.584,77.252,6.002987296176439,22,-0.760537748202734,3.1415164799758784
28.584,77.253,6.677187326992131,10,-0.42184337652759024,1.302560374532105
28.584,77.254,6.560726980503491,2,3.9655263656695796,0.2645248274613421
28.584,77.255,9.188457602379634,1,-3.1545067612073554,0.09815028329375766
28.585,77.165,6.739486156515522,2,0.1853476406750767,0.25841508848960093
28.585,77.166,5.44377198907027,12,0.6187246103885687,1.8622632862171467
28.585,77.167,7.45539725120448,9,-1.7903134527250453,1.0644088896849808
28.585,77.168,7.009768521123801,8,1.1694894147234431,0.9987804240412143
28.585,77.169,5.988751389230723,9,-0.18690470732218925,1.2877836824856153
28.585,77.17,7.85903918072637,5,-0.8140276771883016,0.5643952914078929
28.585,77.171,6.682611563410741,9,0.11995964274045207,1.1714766425083187
28.585,77.172,5.89424009803677,15,-0.16138838049543505,2.175729273523772
28.585,77.173,6.906083977361791,24,-0.1862297626424805,3.0356368675973315
28.585,77.174,6.272587265224042,13,0.07935016926301995,1.7875344118816177
28.585,77.175,4.854301196680279,9,1.213511832156181,1.5373312198394424
28.585,77.176,5.272631783430207,4,0.13959127064025756,0.6376908669446221
28.585,77.177,9.837282409209916,1,-2.4335772374246147,0.09227405563872394
28.585,77.184,9.725138842238028,2,-0.3216585099821643,0.18647777240174707
28.585,77.185,5.372727596835022,4,2.1484281878541105,0.6276747184339995
28.585,77.187,6.118541660028899,3,-1.0265532992037727,0.4214346341253022
28.585,77.19,10.977475951708547,1,2.261412680919719,0.08349004448281554
28.585,77.191,5.803794421090788,3,1.5644205164327338,0.4409304300406887
28.585,77.192,6.303052452249702,7,2.0302989555619098,0.9585033170402129
28.585,77.193,7.868811845409288,2,1.3467137036572852,0.22550935061670616
28.585,77.194,6.966984430106744,13,0.1490502126010374,1.631734078815794
28.585,77.195,6.886155643884012,1,0.3900935045182399,0.12680449703976293
28.585,77.196,7.728473935146464,1,1.2748582437524796,0.11456756443682041
28.585,77.197,8.974122687480477,1,-3.2257866864986973,0.1002594444978304
28.585,77.198,4.974964688604511,2,1.0775244256501821,0.33473001167930116
28.585,77.202,4.55218233722004,2,1.3554390853664942,0.36021871734878824
28.585,77.204,6.477369627042563,5,-1.9371921379552375,0.6686843434778269
28.585,77.205,6.619693153286427,6,0.23389032259534623,0.7874332836371709
28.585,77.206,6.79592538102074,16,-0.4573084191637539,2.052354174522009
28.585,77.207,5.170060387126216,28,0.15213874792540003,4.538043105448658
28.585,77.208,5.902045898557187,31,0.2337824888954822,4.491421884992142
28.585,77.209,6.890069407859066,12,-0.4271350164354681,1.5208991682693125
28.585,77.21,7.706148569759468,6,-0.8700180079790273,0.6891681151457502
28.585,77.211,6.757018383284243,5,0.7193234529388202,0.6445775622724579
28.585,77.212,5.092102918265561,1,6.682172159246233,0.16414693143179906
28.585,77.219,6.778236871845966,1,-0.7936493622342748,0.12856383991333445
28.585,77.223,7.75424158429211,1,5.519815662308673,0.11423034084349666
28.585,77.226,6.311917961161941,5,-0.5701512736541593,0.6838151120619859
28.585,77.228,8.429063529145385,2,-3.597387635577756,0.21211014156580538
28.585,77.229,7.02848738169142,6,0.00831017602251305,0.7473387843496786
28.585,77.23,6.262194040489336,4,-1.55076395740277,0.5507977310573864
28.585,77.234,6.303111870467145,2,-3.398036352471789,0.2738558624697707
28.585,77.235,5.569352964639661,7,0.40874886757129786,1.0655539499366755
28.585,77.236,7.594995709983013,6,-1.0120650746871667,0.6980806276646597
28.585,77.237,4.8698839172546355,14,0.22689518035904543,2.385055683783922
28.585,77.238,5.1239126285640495,5,0.9179614318453506,0.816471478818667
28.585,77.248,6.247907066755842,12,2.365284442439811,1.6556503676821
28.585,77.249,7.1780643415591605,12,0.41118579029270275,1.4673398861657991
28.585,77.25,8.272246837715324,3,-0.13740373781326407,0.3235461752158443
28.585,77.251,7.187369162738092,8,0.8648034731914488,0.9771148510573047
28.585,77.252,6.413546018365304,11,0.11057139512802601,1.4837703809688516
28.585,77.253,6.637246119234277,14,-0.00640200682654944,1.833121491887139
28.585,77.254,4.994240642641908,3,2.096711370149827,0.5004804075863355
28.585,77.255,4.762775706927454,7,-0.16475859692460418,1.2146924253160285
28.585,77.256,8.278479211058446,3,-2.793868973719029,0.3233288485923949
28.585,77.257,9.007481785845783,2,-3.564579000933804,0.19985047615362408
28.586,77.154,4.840561050234153,1,6.161099772497983,0.1712164279080533
28.586,77.155,8.308982377617683,2,3.129184735332268,0.21484625481822342
28.586,77.165,7.773821626202525,1,2.5978056166800902,0.11397541944704644
28.586,77.166,7.30720191886552,12,0.1445044153177796,1.4445297125555834
28.586,77.167,7.063062325208797,7,-0.8046270242022873,0.8681565040263696
28.586,77.168,2.716913145576421,1,9.253731905352911,0.2690404539557567
28.586,77.169,8.64514522316794,1,-1.513882317140241,0.10367910247716838
28.586,77.17,4.826598160670262,2,5.060876581847497,0.34325346365913284
28.586,77.171,6.687220138518788,6,-0.8018411031478004,0.780516219372392
28.586,77.172,6.838392738348567,10,0.7319755486637428,1.275771747322124
28.586,77.173,6.691025753594493,13,0.3111586351970762,1.6902816888793142
28.586,77.174,6.924273044565882,12,-1.6018517639272112,1.5143344925789846
28.586,77.175,5.507610614965357,7,0.3351748582475543,1.0756636212840254
28.586,77.176,5.043087260460938,3,1.2191156182369791,0.496434996004207
28.586,77.191,6.212426604636309,5,0.24278112475804062,0.6932479557969974
28.586,77.192,8.56349511385008,3,-1.2634199749404758,0.3136928460030611
28.586,77.193,6.376063276048008,6,-0.9172123080101627,0.8134420456347707
28.586,77.194,7.54633242339319,10,1.023546796606502,1.1700925618839495
28.586,77.195,6.808150518342697,11,-0.650987236390149,1.4087843176382289
28.586,77.196,5.43715597357077,1,5.860494041050317,0.15534810778327118
28.586,77.198,5.343481399240499,3,-0.6946693961481104,0.4729264281218178
28.586,77.202,8.510597144833485,2,-3.7271452725320966,0.2102917376840502
28.586,77.203,7.7881729187795345,3,-2.1854405590004404,0.34136788473850693
28.586,77.204,5.601774448427166,4,-1.3685067293958597,0.6058977069343798
28.586,77.205,4.542888797873409,9,0.6444381774845934,1.6237020673142406
28.586,77.206,5.128880093416046,14,0.7816267498876052,2.2842672375071444
28.586,77.207,6.737115255628186,26,-0.27908522536316877,3.3604255773606186
28.586,77.208,5.944599217391482,6,1.451942273173204,0.8639807441981813
28.586,77.209,5.881649580282716,13,-0.7000436721667457,1.889081948788495
28.586,77.21,6.33947219714868,10,0.6040564465164027,1.3624957941641787
28.586,77.211,7.514763118941141,7,0.058696847038532445,0.8221015549367967
28.586,77.212,7.1119346998966115,3,-2.219792244006787,0.36982546223384116
28.586,77.213,6.686169819560746,1,2.0305544471177193,0.13010381288415881
28.586,77.223,7.543610164784309,2,-0.822135629683685,0.23409307791731296
28.586,77.224,11.629785987233413,1,-2.937677999673829,0.07917790539054514
28.586,77.225,8.685240517785411,3,-3.6813505483215927,0.3097496643982124
28.586,77.226,6.660956283942437,6,0.16060696461914784,0.7831920425621218
28.586,77.227,5.345296185040251,1,2.809038643060754,0.15759705628203965
28.586,77.23,6.792945597402955,6,-0.1600111048116443,0.769927099452553
28.586,77.231,5.709292896768241,15,-0.1785665904764124,2.2357050483256233
28.586,77.234,6.084842303084992,4,0.25101292741625425,0.5645856081028449
28.586,77.235,9.184893560990801,3,-5.108195549746016,0.2945538882694181
28.586,77.236,6.62406408315897,2,1.4979668283953986,0.2623272808550838
28.586,77.239,11.28632922386451,2,-5.334616209619144,0.16278254990231536
28.586,77.241,6.075419750826582,3,-0.8397335456300823,0.42400311298132193
28.586,77.242,4.801189509267616,4,0.9202952090176479,0.689513761550084
28.586,77.248,5.466813895484918,2,-2.7384545419258024,0.30927130922947776
28.586,77.249,6.350582204324806,3,-0.6496436729028625,0.4081309366535501
28.586,77.25,6.77183334233529,2,1.0339592143867722,0.257339537777458
28.586,77.251,5.948432877478373,4,-0.4885986438369292,0.5756693733007066
28.586,77.252,6.588224629976667,8,-0.14630963698790023,1.0542650475048734
28.586,77.253,8.000517193724919,4,2.967042730226579,0.44441890548120555
28.586,77.254,8.607231124850697,7,-3.1937409105339354,0.7286178409816059
28.586,77.255,5.631747135306168,7,1.5796924484084653,1.0555287855794928
28.586,77.256,6.642424417677607,6,0.03234319527600856,0.7850911794588987
28.586,77.257,7.21421673895462,12,0.9586238251425306,1.4608818322375041
28.586,77.258,7.97058419919536,3,2.072507409193074,0.3344263799752409
28.586,77.259,6.561602431672152,4,-1.2558249535071253,0.528988403733817
28.586,77.26,4.871005522443642,3,-0.6131827220027759,0.510985722723581
28.586,77.261,12.348877583418068,1,-2.110634099653163,0.07491266540957696
28.586,77.262,7.62492976608608,3,0.33136247640073435,0.34782891934914556
28.587,77.154,6.521914908826772,4,-1.438468987031759,0.5317794801568553
28.587,77.155,8.205932701549724,3,-2.982184984388727,0.3258768119709349
28.587,77.16,5.8571812125249,1,-2.77663605538629,0.14583251762013558
28.587,77.165,11.723248300818454,1,-7.336594190483397,0.07859628110344058
28.587,77.166,5.118273802159953,12,1.2070836510047858,1.9613375255882801
28.587,77.167,3.9094846778340884,11,-0.2061579999433567,2.2405610205209676
28.587,77.168,4.606160824918933,2,0.5692343524275483,0.3567503791739547
28.587,77.169,7.198882911116563,3,0.42001586881392533,0.36590350569983265
28.587,77.17,4.620515381785614,10,-0.5639027098210327,1.779196269510616
28.587,77.171,4.65335527166902,5,0.3694180933643111,0.8844305301414159
28.587,77.172,7.013494698338691,15,-1.3997479268973547,1.8718425062550685
28.587,77.173,8.09385927624773,7,0.5867933832432889,0.7697502003668909
28.587,77.174,5.706208484339508,24,-0.023076533641865016,3.5787733196850873
28.587,77.175,5.850896795285639,21,-0.12597845345310077,3.065292125616444
28.587,77.176,6.14211859925235,11,0.40688117440267635,1.5401592464666576
28.587,77.177,4.205010754266495,1,4.122452371947284,0.19212256174116643
28.587,77.191,8.824633560964427,3,-0.4230812847833147,0.30535490014810357
28.587,77.192,7.8841480185524375,7,2.125422971427118,0.7879202356131572
28.587,77.193,7.023696139266455,5,-1.221323797332336,0.6231542063926054
28.587,77.194,6.083163036481295,9,-0.7245138307561004,1.2706187833946756
28.587,77.195,4.962206717702842,22,0.6152304491246587,3.6899089618409446
28.587,77.196,5.967285860293685,12,0.16349067309834084,1.7223349580627336
28.587,77.197,5.215514380586592,6,0.688880659578861,0.9653263805068611
28.587,77.198,6.919790374205277,7,-0.8440423751532947,0.8838617778065149
28.587,77.199,8.508087966104995,1,-1.0791424154279854,0.10517361677393607
28.587,77.201,4.986562050528458,13,0.15358274258049137,2.1715301520765893
28.587,77.202,8.849353776865183,4,2.00516449093072,0.4061180145031917
28.587,77.203,7.193354127410532,5,0.6802733049359687,0.610250688820187
28.587,77.204,6.864378416137508,9,-1.5010728953118546,1.1444006790838326
28.587,77.206,6.262092001150559,2,2.16809412691855,0.2754027351461718
28.587,77.207,6.817409629578416,11,-1.0628428340961549,1.4071157226275754
28.587,77.208,3.5749012552353574,6,0.25013987955613004,1.3115037167488173
28.587,77.209,8.038288745416757,3,-1.0688707579204773,0.33192123913072324
28.587,77.21,4.672420152804797,7,1.2654090826214046,1.2340411696299973
28.587,77.211,6.199713297915415,8,0.5135124889870577,1.111155357021827
28.587,77.212,4.97524857489382,5,-0.1832450280417172,0.8367852713288751
28.587,77.213,2.5461441890451457,2,1.864671612812571,0.5639928591111607
28.587,77.224,7.378308193343413,10,-0.11398034441797869,1.1935583854440954
28.587,77.225,8.700001897854074,2,6.244497018150603,0.20618552666906786
28.587,77.226,13.425128022397452,1,-0.6527727152424774,0.06932347487296686
28.587,77.227,5.133739275171885,1,-0.2912101317843643,0.16303268775179186
28.587,77.228,6.17396685293029,4,-0.952833896579171,0.5575715753922328
28.587,77.229,3.5648744098450007,2,1.8783836687264666,0.43812815434453756
28.587,77.23,8.792027847859385,4,-1.9813835474597394,0.4084955702892973
28.587,77.231,5.3713733478855215,8,1.5760013843998624,1.2556162640594548
28.587,77.234,5.429359909247213,6,2.5963222111140367,0.9332188716594207
28.587,77.235,5.962862521594418,22,-0.689484948933423,3.1596200458891506
28.587,77.236,5.5705147486941025,6,0.8670977353032764,0.9131704637285089
28.587,77.239,6.088696843690179,1,3.2462107730914083,0.14106965244114286
28.587,77.24,5.8380364007092655,2,-3.555431477618338,0.29248162525027693
28.587,77.241,5.865055116827195,5,-2.0668543522579865,0.7283262719543666
28.587,77.242,6.091163615463817,4,0.4883258084048925,0.5640823166563432
28.587,77.25,2.322753746623541,1,2.26542915279802,0.3009551944727059
28.587,77.251,6.91549010108111,7,1.0761834287742154,0.8843419561656617
28.587,77.252,8.344628602911376,3,-0.5990488675255433,0.32104004637116684
28.587,77.253,6.49297730247252,10,-0.11247396582023103,1.3345829830153386
28.587,77.254,5.442229857345339,10,-0.5357304888775513,1.5522575601052393
28.587,77.255,6.079004200077391,14,-0.1370125217963279,1.9776792899553506
28.587,77.256,6.100230425155632,1,7.874441001277936,0.1408404995501369
28.587,77.257,7.790193444917147,4,-0.774859716008449,0.4550525565865636
28.587,77.258,9.335264785102265,8,0.039001590786078344,0.7740488672851009
28.587,77.259,6.298465591830307,16,0.5015352958114276,2.192241615540387
28.587,77.26,6.270591518580944,3,3.34134898379201,0.4126211728898686
28.587,77.261,8.704359409056112,3,-3.429368846632814,0.30913941596190253
28.587,77.262,10.519554114527256,2,0.4090484367753824,0.1736178310476279
28.588,77.154,12.048768427726113,1,-1.4543314293649239,0.07663558484762387
28.588,77.155,5.189300349264828,6,0.6374596829134364,0.9694149033683083
28.588,77.156,5.549409492719548,7,1.902401743037381,1.068798646317861
28.588,77.159,6.805707643895874,4,-2.9068450360384643,0.512445531204084
28.588,77.16,6.53324164913195,5,2.008004236910644,0.6637248920026542
28.588,77.166,7.58776372752983,4,-2.39711782941127,0.46577899985501275
28.588,77.167,5.344562720120718,8,-0.33179401012255494,1.2609222026648643
28.588,77.168,5.96680698744944,5,-1.3422231870343424,0.7176888937798044
28.588,77.169,6.046329868987856,7,2.2438726164253926,0.9934249645064501
28.588,77.17,5.640671291331234,13,0.14628318976171265,1.9576334122982817
28.588,77.171,4.828471040193647,4,0.8468091376921741,0.6862863300539112
28.588,77.172,6.762804450967307,8,0.021537518306103176,1.0305553940629197
28.588,77.173,5.078472431049186,11,1.0629015385430491,1.8096651954545961
28.588,77.174,5.834090824136254,9,1.9117509298556032,1.3169271863075496
28.588,77.175,6.5111851498530084,5,-2.2326853720663626,0.6656739116726271
28.588,77.176,6.560141378738944,15,0.1247927850870095,1.9840898798776232
28.588,77.177,5.9202839411606,4,-1.5975213245045379,0.5780109651583402
28.588,77.182,6.914216682908911,4,-1.2555178013891322,0.5054195709144748
28.588,77.183,4.670820936572784,1,3.3379213682672058,0.1763413112818829
28.588,77.189,7.672968019088876,1,1.8594373489090712,0.11530078259242252
28.588,77.19,10.051575486937775,2,-2.3698247695012244,0.1809696728184924
28.588,77.191,6.645823995919016,3,-2.716622798757873,0.3923710513871703
28.588,77.192,7.235963119958942,9,-0.3241198102115734,1.0927683707312261
28.588,77.193,6.735524841568356,12,0.0007590456788813352,1.5512845276529463
28.588,77.194,7.6632778105542725,15,-0.44333936465108315,1.731446264106392
28.588,77.195,5.767810517794434,9,-1.1013181978257247,1.3298244648452444
28.588,77.196,6.801820478022566,14,0.15234949787575974,1.7944529792036965
28.588,77.197,6.575947846451743,20,0.5329616191554873,2.6399336961337667
28.588,77.198,6.660603061391344,2,0.309591853515653,0.26107605158134295
28.588,77.2,5.284998742797239,4,-0.27175942272593967,0.636436085939412
28.588,77.201,8.016756928211759,5,-0.2818875039637961,0.5545230995809511
28.588,77.202,3.9374281745746593,1,-0.6063113623611818,0.20253459182444639
28.588,77.203,6.853821175777009,4,0.6953739097384329,0.5093062231079211
28.588,77.204,5.201880516617937,9,2.112280831648105,1.451172749278949
28.588,77.208,6.761656856596783,2,1.1279565940588892,0.2576769415282977
28.588,77.209,8.383191085648852,5,-0.12695003934113663,0.5328677583521947
28.588,77.21,5.497818504638755,8,0.8807204383095646,1.231182433656595
28.588,77.211,5.241715731195917,24,-0.5141880551044157,3.8450966102234814
28.588,77.212,5.811625341612742,9,-0.02582678985073746,1.3212705556511322
28.588,77.225,8.365894549918057,2,-0.9864183391491808,0.21354073434635223
28.588,77.226,4.852840871541469,5,1.8954331192303098,0.8542859971320466
28.588,77.227,4.213580220131583,3,4.587657796228693,0.5754203202658853
28.588,77.228,8.738891465615183,3,-1.7482291415683757,0.3080432727474181
28.588,77.23,7.678253198854103,2,0.9904946304415532,0.23046112554817885
28.588,77.232,12.1586880832867,1,0.32905364069204524,0.07599541790721023
28.588,77.233,5.877597558139946,5,-1.977198776098233,0.7269980480440114
28.588,77.234,5.526229501402285,11,0.45819921214558157,1.6855061559873799
28.588,77.235,6.144258797442747,17,1.2076921076082339,2.3795330603204166
28.588,77.236,8.693838639553972,4,-1.2925893447412211,0.4126332352674736
28.588,77.24,4.611674795860245,2,4.517853729212143,0.35639984011108555
28.588,77.241,6.640849979605491,6,1.8474651019385568,0.7852529517023431
28.588,77.242,6.525228878451452,4,-1.85380023421843,0.531545294449984
28.588,77.243,6.312344765225915,2,1.5441321750312378,0.273510079764163
28.588,77.249,6.492634122153348,1,5.19474196382574,0.13346441100644652
28.588,77.25,5.833049689573015,17,0.15732396378409289,2.487908148237438
28.588,77.251,8.043858412870296,7,-2.294650118225806,0.7740059253955496
28.588,77.252,6.47956862792873,8,0.3548180058089097,1.0695803993465582
28.588,77.253,5.998645373765051,10,0.7366145348331703,1.4288479364143458
28.588,77.254,4.533576344095707,17,0.3981307033717238,3.0721542349621505
28.588,77.255,8.316266236737967,4,0.5929557760371169,0.4293565574829016
28.588,77.256,7.867159458644543,4,-2.1378845517536353,0.451102748141111
28.588,77.257,6.405675134535903,21,0.3139811367807461,2.835663139214386
28.588,77.258,5.448098964490881,12,1.5542427787637016,1.8610136206163947
28.588,77.259,6.833183705342824,25,-0.9840132157755441,3.191550324927029
28.588,77.26,7.513901001314527,7,-1.1605554249032817,0.8221848009413331
28.588,77.261,6.100230887718725,8,1.9889143233411795,1.1267239229977164
28.588,77.262,7.789291497135667,6,0.017467254506490597,0.6826488803967115
28.588,77.263,12.141110252622473,1,-6.563554397955551,0.07609707100664782
28.589,77.154,3.4737011174402634,4,0.3610243315813537,0.8941142680288612
28.589,77.155,6.762909041011459,17,-0.9125861327410694,2.189900707349394
28.589,77.156,6.316070957689442,10,-0.167781987443181,1.366853883434476
28.589,77.157,9.360072866134663,3,-1.9926321654679742,0.28957325288767954
28.589,77.158,3.7594452809518923,1,10.149337431285154,0.2101085191591906
28.589,77.16,6.785632655565659,1,-2.5283288738425194,0.12844171363327003
28.589,77.161,4.269351365453875,7,0.441608120227246,1.32843674951956
28.589,77.162,5.183509328664506,1,-2.7013896783062386,0.16172046435902712
28.589,77.166,18.117748020454354,1,-12.377316546204646,0.052307416068570714
28.589,77.167,5.573413339195014,2,3.9893218236914443,0.30425593170517434
28.589,77.169,7.493663863285686,11,-1.386549917838787,1.2950830380217995
28.589,77.17,6.434537798036388,5,1.2821600790795429,0.672536765005163
28.589,77.171,1.9605976177566091,1,9.393934268517302,0.3377696428593864
28.589,77.172,8.846722079716624,8,-4.063098338790956,0.8124531123387032
28.589,77.173,5.211166242847093,16,-0.07693173320280575,2.5760057571194346
28.589,77.174,4.893154399024834,18,0.4391586663978658,3.0543913804427962
28.589,77.175,4.757008940571727,1,0.8710924610626032,0.17370131092773503
28.589,77.176,6.813400083359752,8,-0.3087815434204374,1.0238820378643674
28.589,77.177,8.19528469164043,3,2.650796888988196,0.3262541727204319
28.589,77.178,6.864247042132552,4,0.27744744710799285,0.5086310206902297
28.589,77.179,5.789999057098845,13,0.3690278034786202,1.9145805309661552
28.589,77.18,6.894814239308001,2,-0.8123972638680819,0.25333084976744236
28.589,77.181,6.92349657713421,7,0.06802934790014602,0.8834483528649137
28.589,77.182,5.452766099318053,4,4.961160675566701,0.6198891976609429
28.589,77.183,15.819960258769175,2,-7.1280460598438555,0.11890634515365692
28.589,77.184,7.548530803515976,5,-1.195368921464177,0.5848958277068522
28.589,77.188,8.154797368923603,2,-3.970474162479119,0.2184646933627494
28.589,77.189,5.1816077378109835,13,-0.17189999829404498,2.103012768099635
28.589,77.19,4.335075239578251,2,4.345893119859367,0.37487756220624624
28.589,77.192,5.32411526628023,7,1.0313052813618966,1.1068741958774129
28.589,77.193,7.298947040474204,3,0.8443934458852773,0.3614916428998659
28.589,77.194,5.705665811702083,5,0.134670884014262,0.7456381126650363
28.589,77.195,7.644212955710893,5,-1.2214858996734796,0.5784216591629312
28.589,77.196,8.025480515418636,3,3.1744282991874613,0.3323922748351143
28.589,77.197,9.56386116855513,3,-3.0425982047182347,0.28398707178488264
28.589,77.203,8.811217376250404,1,-5.289496641742248,0.10192415086232391
28.589,77.205,11.949638054553635,1,-2.2386954394284473,0.07722223553949897
28.589,77.209,7.5958002839928245,5,-1.8673028059826027,0.5816794056175367
28.589,77.21,7.5327487939514794,5,-0.5387423236710649,0.5859776398836793
28.589,77.211,5.542369194749539,10,-0.10951957604278909,1.5284982706303583
28.589,77.212,7.053968053833793,15,-0.3030392928259152,1.8624359942500404
28.589,77.213,6.396913408398985,9,1.6407577661882375,1.2167237201642451
28.589,77.214,6.417589604667335,13,0.11424817119588776,1.7525908944625448
28.589,77.215,6.690317552851097,2,-0.38824197850263786,0.2600672841212549
28.589,77.227,5.642109845197074,11,-0.17783531440099393,1.6561002838509404
28.589,77.233,9.276968915364003,1,-3.417065899192913,0.09730495520960528
28.589,77.234,8.26275050204707,5,-0.539403060863299,0.5397964674634169
28.589,77.235,8.057911209357146,3,-1.2021564057226968,0.33120218675812285
28.589,77.239,6.552285865329491,3,-0.43522187956702635,0.3972307263648734
28.589,77.24,8.209256404061616,2,-0.8790278319458076,0.21717280008817297
28.589,77.241,4.638315956878517,6,1.3941868384987985,1.0641475302000845
28.589,77.242,6.004559866993774,5,1.2371905532208067,0.7138207246340385
28.589,77.243,6.030789620811537,9,0.8611380611560304,1.2800838149614786
28.589,77.244,7.589598584439686,7,-2.623379884358821,0.8149391302965787
28.589,77.245,5.190342403998478,3,-0.32570474073106226,0.4846258581855237
28.589,77.249,6.439499898765419,3,-1.0254311931873554,0.4032529122687196
28.589,77.25,7.612896920061099,16,-0.44156652284357595,1.8576792626802383
28.589,77.251,5.6027201741443955,11,-0.21033037396362336,1.6659800369967095
28.589,77.252,6.357965787019677,12,1.4505013531818125,1.6308855392028896
28.589,77.253,6.027506139480119,14,-1.175601401224578,1.992171863265806
28.589,77.254,7.237451271703459,7,-1.5993355805244274,0.8497774091903597
28.589,77.255,8.52047512563986,2,2.306300533528196,0.210073549230095
28.589,77.256,4.956081592689292,6,1.6921805839835893,1.0073737081380174
28.589,77.257,5.379423172958418,17,0.4615550859413748,2.6648177333745293
28.589,77.258,7.092418782084561,9,-0.5524486778938058,1.1121520329527053
28.589,77.259,8.530169659777053,5,-1.2983804606811191,0.5246496314858857
28.589,77.261,3.345803540384129,1,11.665878468844985,0.230107042508325
28.589,77.262,6.3515099041312775,8,-0.8614675433588855,1.0882118237376373
28.589,77.263,3.34802114876339,3,-0.2699124571877564,0.6899690450800182
28.59,77.154,4.7699407124226845,1,-2.414217139185003,0.17331200610900552
28.59,77.155,5.428290440650157,10,0.21439258445331352,1.5556235506665441
28.59,77.157,5.237252855648851,4,1.5988175189429379,0.6413079752534558
28.59,77.158,4.809053854114266,3,-0.2520469216360122,0.5164352191149422
28.59,77.159,6.477515418590048,6,0.7479894704290696,0.80240556710632
28.59,77.161,4.972233610510075,2,-0.3140972614684676,0.33488308234968467
28.59,77.162,5.668218632150719,3,1.8394424217902527,0.44989526671119384
28.59,77.165,7.958891208773498,1,0.28675316242145943,0.11162095584113063
28.59,77.166,9.363591105064424,5,-2.7870908334130826,0.4824582472726685
28.59,77.167,5.278166203075636,6,0.3062568477045879,0.9556930807375944
28.59,77.168,3.393411805308407,2,2.494553873446768,0.45522707377065574
28.59,77.169,5.006122174252265,7,1.0355673616903578,1.165477457319867
28.59,77.17,7.016658800508744,3,-1.1154765613552466,0.374220741415316
28.59,77.171,6.778465049449322,2,1.1541544158880321,0.2571201371074606
28.59,77.172,10.374214462863826,2,-6.3498466074967315,0.17583631876556294
28.59,77.173,7.905825947760645,15,-1.1430625580132208,1.6842907202528166
28.59,77.174,5.708238881694237,26,-0.18180004392289714,3.875830968236692
28.59,77.175,5.322808650279994,9,0.643047601403285,1.423418056404641
28.59,77.176,4.938318946488469,5,2.5723569874179746,0.8419891294246954
28.59,77.177,8.73653922005367,9,0.17339941741301088,0.9243530782953483
28.59,77.178,6.448924484444011,25,-0.7943763416416877,3.356189212578117
28.59,77.179,5.713520089296155,15,0.23157397880124989,2.2342973284485397
28.59,77.18,6.377057707090548,13,0.7226920483470458,1.7622201853599293
28.59,77.181,7.408729694686693,8,-0.8726840563734398,0.9513922186195424
28.59,77.182,8.162327213303758,13,0.747176732211086,1.4188534962082469
28.59,77.183,6.466302563285718,15,-0.6148330803246578,2.0090265392886657
28.59,77.184,9.739537619336847,4,-1.6487027397599545,0.37245551361521234
28.59,77.187,9.285018913299368,1,-5.982255819003248,0.09722879543827756
28.59,77.188,6.622911473097184,9,0.17974983601689637,1.1806512553324073
28.59,77.189,4.671386764207385,5,2.541819601033032,0.8816185895759101
28.59,77.19,7.499002879040838,7,-2.8570395910880135,0.8236260299737646
28.59,77.192,8.653943572940639,2,-0.6266522068754194,0.20716922415062244
28.59,77.193,4.816094131463902,7,-0.43904765702693765,1.203556861662779
28.59,77.194,8.281530009890204,2,-1.2916235508379836,0.2154817145307769
28.59,77.195,6.326345056404598,3,-0.6375020860394466,0.4094811228386572
28.59,77.21,9.379800414026708,2,-0.9681057440869356,0.19268193223612537
28.59,77.211,6.701092732839212,15,1.5571810975068214,1.9477755326898722
28.59,77.212,7.196924111264187,11,-0.41470934526975617,1.341966797628861
28.59,77.213,8.298301797584498,3,-3.2574863383952994,0.3226395599225803
28.59,77.214,6.543405253440465,6,0.7212394244474098,0.7953967470146809
28.59,77.223,8.912524643704895,1,-2.394108763632233,0.10088247302719855
28.59,77.226,8.887115161839441,5,-1.1241244179848673,0.5057086842983407
28.59,77.227,6.944305088691048,9,-0.08276246795119456,1.1328870051594273
28.59,77.228,6.208258172474589,2,0.2989928741259664,0.2774595404528084
28.59,77.239,4.214552070713855,12,0.6209218280755607,2.301252310317277
28.59,77.24,6.096726632255261,3,-2.6717511791471718,0.4227301057877487
28.59,77.241,7.23856568120142,7,-0.3998059225265789,0.8496624619953504
28.59,77.242,8.422848830154813,4,-3.0862036732722413,0.42450007127348577
28.59,77.243,6.65152026038956,6,-2.0788422305907956,0.7841578922636903
28.59,77.244,3.9239104278426007,8,2.438975725386088,1.6247249248815399
28.59,77.245,11.138015238564208,3,-0.21447299087952723,0.24715737631211498
28.59,77.247,11.35922103385463,1,-6.771518365510081,0.08091124814911714
28.59,77.248,2.936693812426542,2,0.7075778338717873,0.508040527227902
28.59,77.249,5.9841508134175445,2,5.458964766383131,0.2863626593168229
28.59,77.25,13.583539302791062,1,-5.572984111022134,0.06857046010830962
28.59,77.251,8.121269060956317,3,0.6989895348412624,0.3289016012959786
28.59,77.252,5.673178729392298,2,-2.177979063612047,0.2997072431449971
28.59,77.253,3.75002740086443,1,-0.5764755895089131,0.21052510135373448
28.59,77.254,6.090766583551863,2,2.713191068068211,0.28205695060380515
28.59,77.255,7.242968558001099,9,0.24673448448428323,1.0918396614850705
28.59,77.256,8.547538780681204,6,-1.2923409530428032,0.6284342109340882
28.59,77.257,7.471955232107243,2,-0.5528884414347326,0.23607301327801478
28.59,77.258,7.25380389784208,12,0.1612702544848088,1.4538751039550804
28.59,77.259,7.398636025844104,7,0.04898633781566503,0.8334686702054652
28.59,77.26,7.790470522693582,6,-1.2033370041440585,0.6825573198283675
28.59,77.261,10.081325239436293,1,-6.735521699052164,0.0902419140664867
28.59,77.262,7.692320728794883,8,0.2828045001755245,0.9203526019810284
28.59,77.263,5.02892088854863,8,0.11663897134494183,1.3269372990438886
28.59,77.264,3.3697315037954567,2,1.1103702767650825,0.4576940249676307
28.591,77.155,6.341120595754897,3,-0.6076782978702596,0.40865695650535844
28.591,77.156,5.449875924662736,2,1.0365774924010545,0.31008348429657273
28.591,77.157,7.6406212986711335,1,-3.914624730310463,0.11573241847247638
28.591,77.158,7.084579683469151,2,0.4379154530305054,0.24738453677307137
28.591,77.159,7.234921988932088,7,-0.5414326389354309,0.8500384107351776
28.591,77.16,9.83508428230997,1,3.196408923507555,0.0922927753900966
28.591,77.161,6.161784943689542,3,-1.2064829076286365,0.41888998672647765
28.591,77.162,6.875009818661337,6,1.6798983866385633,0.7619038119523173
28.591,77.163,8.519345854902078,4,-1.2886642917093112,0.4201969401017363
28.591,77.165,8.916649358036537,1,-2.0118279450645353,0.1008405121422985
28.591,77.166,6.609464905115504,5,1.1978237597388195,0.6570764255235244
28.591,77.167,7.120956669347818,9,1.0553606546499925,1.1082438149153155
28.591,77.168,9.490625661015047,1,-5.893047930655866,0.09532319923645455
28.591,77.169,5.3436926705316,1,1.5185798484146922,0.15763689256973418
28.591,77.172,8.628644375019174,1,8.793959402362937,0.10385677994240063
28.591,77.173,7.78578059374022,3,-0.42424437734943893,0.3414608375421382
28.591,77.174,4.618807007548709,11,1.75780665339045,1.9577109491786797
28.591,77.175,5.93907954424339,13,-0.7695564065463973,1.8734473235408728
28.591,77.176,8.400781339493015,4,-3.519570573963273,0.4254965471003839
28.591,77.177,6.473663669054423,26,0.1602826131106438,3.478882801169664
28.591,77.178,5.252947754988537,24,0.7280375046294139,3.8381897531213256
28.591,77.179,5.686260180919051,13,-0.6338256706400981,1.9442856915886726
28.591,77.18,7.142309508905107,5,-1.0650621346528957,0.6140763863780397
28.591,77.181,8.015414754566978,3,-0.451290603047173,0.3327633926636905
28.591,77.182,7.3612044073836005,8,-0.7826807495592698,0.9567999549126406
28.591,77.183,5.454583271368248,9,0.957232940127004,1.3943580277169734
28.591,77.184,6.505434378033796,7,3.1267239978860237,0.9326575448433665
28.591,77.185,4.484356596980415,1,2.257248910725597,0.18233679417392032
28.591,77.186,4.875424269855896,6,1.5044222462248522,1.0212028484110067
28.591,77.187,6.258938622250284,7,0.8560051372750743,0.964328308072949
28.591,77.188,9.631993183748433,1,-2.1648484230347638,0.09405574126294147
28.591,77.19,6.4129595270265805,7,0.12116872504572188,0.9442922188471433
28.591,77.191,6.135298065041505,8,0.421806103084413,1.1211865190600787
28.591,77.193,4.0053027106871335,4,3.452312841049286,0.7991524651364943
28.591,77.194,8.883495557334781,4,0.41594640225224855,0.404715110842692
28.591,77.195,3.3755070480972518,6,2.681334219763688,1.371269645790922
28.591,77.196,15.385407923961663,1,-13.258096547722875,0.06102991177519735
28.591,77.21,13.566132335973855,1,-8.568687183211743,0.0686524038732168
28.591,77.211,7.941298355653132,5,-2.679283034619904,0.5592029033276529
28.591,77.223,8.808259221597321,2,1.555259944985791,0.2039097820330946
28.591,77.225,6.621233012686165,2,1.83304819366482,0.2624247279502984
28.591,77.226,8.941394291253136,2,-0.01730241439034419,0.20117902392823164
28.591,77.242,6.300467859685821,1,,0.13697752243005362
28.591,77.243,7.205092084412951,2,2.076762169145465,0.2437510730439406
28.591,77.244,7.842677690965669,4,0.19095459432414952,0.4523516676500258
28.591,77.247,5.173012753155911,2,0.7597076859123271,0.3239909068675605
28.591,77.248,5.066747352647,6,1.0578750685957057,0.9889978354516646
28.591,77.249,7.012105173739569,7,0.8528213172421065,0.8736779970067242
28.591,77.25,5.90367090318847,3,-1.5331956356180114,0.4345514208411131
28.591,77.254,6.885498179751548,3,0.7516156180409498,0.3804452086113502
28.591,77.255,5.035670658737605,18,-0.4156501090150551,2.982270076970171
28.591,77.256,7.926641320684155,7,-2.0064517986824613,0.784169515557897
28.591,77.257,6.813344003946922,8,-0.9555037507371649,1.023889386664505
28.591,77.258,7.678997391474327,11,-0.3359322362003565,1.2674275038733938
28.591,77.259,5.020511934128341,11,0.22829623939869437,1.8270871514504516
28.591,77.26,5.517924748898384,12,-0.08726923492023457,1.8410767939639314
28.591,77.261,5.353677640575265,5,-0.1396528883374158,0.7869458104184363
28.591,77.262,6.445869737598463,6,0.1269996885645237,0.8058158699315624
28.591,77.263,6.269170035630303,21,-0.8259672100389944,2.888913025430297
28.591,77.264,6.339238317011779,5,-0.5581447283692832,0.6812696064672531
28.592,77.158,6.150076125370124,1,-3.3371828684273996,0.1398586507983836
28.592,77.159,6.222864067804792,4,1.4027924831368497,0.5537969373990586
28.592,77.16,6.2602412917463415,1,-3.1769895857295354,0.13773646905328474
28.592,77.162,4.843093921036868,9,-0.5216222262870935,1.5402798793969983
28.592,77.163,4.756889137650408,6,0.16102851663695983,1.0422295542847322
28.592,77.164,6.415119805383336,14,-0.5819847171512631,1.8880342283662197
28.592,77.165,6.160255573410173,6,0.7470013913643254,0.8379589161986316
28.592,77.166,6.96373479887614,9,0.15364559309864895,1.1301230173147025
28.592,77.167,6.887577371267929,9,-0.42663846582169845,1.141034765983316
28.592,77.168,8.740110639943827,1,-1.8330741220309381,0.10266823827432078
28.592,77.173,9.370308450171688,1,-4.341085477269796,0.0964291471950812
28.592,77.174,4.785034426397481,9,0.30003254195895224,1.5557383650013257
28.592,77.175,6.3343462551337195,6,-0.41366212867661467,0.8180688218531085
28.592,77.176,3.126013482844117,1,1.180987367709073,0.24236469516107506
28.592,77.177,5.558004689988945,12,0.799310022548085,1.8298248579051
28.592,77.178,6.358384981505772,12,-0.745855099038295,1.6307926304698994
28.592,77.179,5.431118136779735,2,-1.3922280640025262,0.3109879118161346
28.592,77.181,3.562624670389198,9,1.6374222583431297,1.9725488397958204
28.592,77.182,5.064943996850413,26,0.029043072111608052,4.28693158807436
28.592,77.183,6.597175323886867,30,-0.6523775506974796,3.948836076702703
28.592,77.184,5.913123743020115,19,0.9453279117721431,2.7483957623619113
28.592,77.185,6.085763201245207,16,0.6067208264138815,2.258048927910583
28.592,77.186,7.89374072171584,13,-0.5691388461822935,1.4617021573675866
28.592,77.187,6.162463564328142,3,0.4968831754038918,0.4188502982327433
28.592,77.189,4.289684137650383,3,-0.007115627619103411,0.5671416141177318
28.592,77.19,6.077967442090843,8,1.2642966157264797,1.1302679851882431
28.592,77.191,9.897292062470061,1,-3.276637100351098,0.09176591709824583
28.592,77.192,8.384395989207352,1,-5.413855008660001,0.10655986822700823
28.592,77.193,14.71794623271112,1,-6.008867981672594,0.06362154350158471
28.592,77.194,7.142316186731645,4,2.8277050717500494,0.49126070620030965
28.592,77.195,7.143842845891467,16,-0.9367746440014464,1.9646744544035413
28.592,77.196,3.578693187566729,3,-0.7984660964486537,0.6552087849315582
28.592,77.222,9.418885356629907,2,-1.6879701658338675,0.1919591138151193
28.592,77.223,8.398503699474144,10,-0.7898055398831195,1.0639991555846822
28.592,77.224,4.087577859692998,3,2.068637711566621,0.5896715652782226
28.592,77.225,9.084002688994067,1,-2.385171773302053,0.09916697077951249
28.592,77.247,7.914254304642074,3,-2.4099972973556882,0.3365396473418711
28.592,77.248,6.962313988430926,8,-0.15945722848622634,1.00473304765723
28.592,77.249,6.408524386912126,13,-1.226595391112814,1.7547353995305401
28.592,77.25,5.373658009235379,8,1.9609979861552915,1.2551661837532018
28.592,77.251,8.552358053444445,3,-0.9519568293537132,0.3140585793806423
28.592,77.252,6.266344415879889,1,4.798718035185798,0.13762078189062954
28.592,77.253,4.876494107215425,4,0.6360467863514327,0.680677956451725
28.592,77.254,8.0175282128962,4,0.5382415492865325,0.4435805362138481
28.592,77.255,7.181071803239871,6,0.07322170920094558,0.7334002370721008
28.592,77.256,6.101001213742243,13,0.6684187422657517,1.8307277535513857
28.592,77.257,5.848860985845795,21,0.7077501182454193,3.0662032772164114
28.592,77.258,5.710395608133433,23,0.5270487371384674,3.427517741595222
28.592,77.259,7.017499180840231,15,0.07323137219334613,1.8709075812375706
28.592,77.26,5.1690804961851775,12,0.5467422723116326,1.9451845388337101
28.592,77.261,8.321875352137564,5,0.008997166127196188,0.5363727588197656
28.592,77.262,7.225936502215442,5,-0.32428797971262535,0.6078335273623107
28.592,77.263,6.535741180608182,16,1.38163026100376,2.123215171080053
28.592,77.264,7.9402475356965185,6,-0.5838831097906668,0.6711223571879044
28.593,77.158,8.286589502532419,2,2.931186817667585,0.21536431641073478
28.593,77.159,6.4144767681543104,1,-1.002253420542833,0.13487128374251153
28.593,77.165,3.8519647528362455,7,0.9064020242956025,1.4427145201143738
28.593,77.166,7.160027046752991,9,-1.8004827013586242,1.102937520725651
28.593,77.167,6.1440207717603466,7,0.1770966033964841,0.9798403761184952
28.593,77.174,9.104400973659054,4,0.0003291013392809905,0.3958671088397535
28.593,77.175,4.173761012820598,4,-0.3672287583190381,0.7731319614663271
28.593,77.176,6.1705344301600675,5,1.599006099491811,0.6972980952395184
28.593,77.177,10.153222204104342,4,-3.2162894931304464,0.35864075213421426
28.593,77.178,8.805940777279968,5,0.1107593163154041,0.5098949823952466
28.593,77.181,5.358916400816118,6,-0.3566648257052159,0.9435569870410541
28.593,77.182,6.286939683599732,20,-0.6691267966178349,2.744636413694047
28.593,77.183,5.684019156211847,14,0.3656571390273501,2.094548156252513
28.593,77.184,8.666688720000161,12,-0.8677958947887868,1.241376478294193
28.593,77.185,6.681518568715591,8,-2.3650651075699054,1.0414607383208685
28.593,77.186,7.957058639113872,3,-2.2868240399671618,0.33493137880102036
28.593,77.189,4.02840862846284,4,1.2122404322317992,0.7954802991464082
28.593,77.19,8.095861587027075,2,1.6737369475876074,0.2198802148498488
28.593,77.191,8.095130285404279,3,-1.3079118120723017,0.3298468417560057
28.593,77.192,5.935923653285269,11,1.0333294976507863,1.5859459460442216
28.593,77.193,6.098241149126396,9,1.4924241968854028,1.2679197298203455
28.593,77.194,8.751814220614833,1,,0.10254502161106101
28.593,77.195,6.410397696773036,9,-0.8828974223676282,1.2145097157092093
28.593,77.196,5.63401978560576,8,2.643591411519434,1.205905357315649
28.593,77.197,10.058736751114282,2,-2.371958570586875,0.18085248297446627
28.593,77.198,4.622989472657764,3,0.38935729777043565,0.5335240292708603
28.593,77.221,7.495252481768547,4,1.0567908673744824,0.47085122055928325
28.593,77.222,9.67063557659422,2,-2.385091515403582,0.1874302599544259
28.593,77.223,10.819917959150818,1,2.615756199302968,0.0846029560827716
28.593,77.247,8.760925131949483,2,0.2774289109210839,0.204898610834909
28.593,77.248,4.940719314819312,11,-0.14811992904981253,1.8516276257254156
28.593,77.249,11.686533742524157,3,-3.4240772508474033,0.23647121119808015
28.593,77.25,8.209191963004548,1,7.199329628764531,0.10858715987431157
28.593,77.252,6.92886232867825,3,1.46768026830949,0.37836449614583023
28.593,77.253,7.8937749609620065,4,-1.4322073580146486,0.4497527784947839
28.593,77.254,8.481280768346465,1,-0.8316558606263298,0.10547098271137897
28.593,77.255,6.169526151076945,6,2.0682683336186547,0.8368753908650897
28.593,77.256,6.234198751851021,17,-0.43738262234746866,2.3499492595016407
28.593,77.257,5.939279936140964,14,-0.6241249827806948,2.017500393244779
28.593,77.258,6.886823200740742,9,-0.20863138662943545,1.1411438764285609
28.593,77.259,7.741826441683022,4,2.748369473550873,0.45757028313066106
28.593,77.26,7.868848424778908,2,-4.311850060289839,0.22550842050836586
28.593,77.261,5.596162111301629,16,-0.6023336488569353,2.4256529372718374
28.593,77.262,6.0035482177503505,11,0.671939725268194,1.5706324363014628
28.593,77.263,5.114627746474527,10,0.6973926262462237,1.6354225334102535
28.593,77.264,8.905822779439546,1,-3.979756251218803,0.10095072587767194
28.594,77.158,7.469201109759105,3,-2.3326612763274315,0.3542246737467462
28.594,77.159,7.982012081900657,2,-1.3325415822304951,0.22266725782190064
28.594,77.165,6.456067098187678,6,0.26436284962847284,0.8047137882461385
28.594,77.166,3.313430961866233,6,2.058869838741483,1.3910040645240933
28.594,77.167,4.1447869104510335,6,-0.006761095399441326,1.1662290595188114
28.594,77.172,9.132941152315823,1,-4.290128804780247,0.09868802995776364
28.594,77.173,6.7966872742308295,1,2.3362538780849933,0.12825960113920992
28.594,77.176,8.876846798368272,1,-1.2945348668123815,0.1012468878392654
28.594,77.177,7.84832234439191,3,-0.3800844767130516,0.3390473225584292
28.594,77.178,5.805456378108176,3,-0.06945960756409549,0.44082275064614534
28.594,77.182,4.581398767976093,1,0.4866634149608995,0.17916655691000136
28.594,77.183,6.77302271193735,8,0.368990081222157,1.0292006464504564
28.594,77.184,5.337555497059368,16,0.1888007505313835,2.5246327243089257
28.594,77.185,5.130504937776535,11,0.45832747825601783,1.7943057075474074
28.594,77.186,6.111633511785773,6,0.8535448253451109,0.8436880204887505
28.594,77.187,5.762886353583379,11,-1.1462044860031633,1.626524449013038
28.594,77.188,4.372925184814187,10,0.9528027079098305,1.8611835557032483
28.594,77.189,6.6197206686028265,6,-2.132806011470882,0.7874304401633895
28.594,77.19,7.150457623127078,4,-1.2988610692955005,0.49076998923961324
28.594,77.191,4.484099334104571,10,1.1915356594153308,1.8234534771848316
28.594,77.192,9.013844092226766,3,-2.691333320465691,0.2995852514149632
28.594,77.193,6.61380220134209,15,-0.007597930588405255,1.970106341527488
28.594,77.194,5.79413846985766,9,-0.7833774895739533,1.3246712647863583
28.594,77.195,6.227419641845183,5,0.5589157000548826,0.6918098363973625
28.594,77.196,7.701121349851505,5,-1.2015902876610505,0.5746385780592902
28.594,77.197,4.2730465277647856,5,2.6679691444066362,0.9482184489882496
28.594,77.198,6.050977765424947,3,-0.8105692990697024,0.42547290600046256
28.594,77.22,6.469497213385807,6,0.6265809488997793,0.8032669172494802
28.594,77.222,5.712204182196408,3,1.3901337609280224,0.44694707112117704
28.594,77.25,4.422620298125336,2,1.3982857370796087,0.3688253814657507
28.594,77.251,8.399959233858647,3,0.20698455583803366,0.3191503202688371
28.594,77.252,6.313093573488668,9,-0.46190466109272443,1.2306693343329673
28.594,77.253,6.178867700187027,12,-0.7234352303827088,1.6715728024472956
28.594,77.254,9.31184620243451,4,-0.5725704495684931,0.38790338039134503
28.594,77.255,5.765812858625162,7,0.5262844218389533,1.0346133046048256
28.594,77.256,4.865107278770669,3,0.169175780837261,0.511499595388271
28.594,77.257,9.416660756066612,1,-1.0415957272174658,0.09600005447212101
28.594,77.258,4.911698629298881,7,0.567289348902922,1.1840928367537893
28.594,77.259,11.58142760895754,6,-4.651536036976485,0.4768934167477312
28.594,77.26,6.965827415066465,6,1.6339344866402132,0.7532174232963768
28.594,77.261,7.021519962427271,15,-1.0832698016592606,1.8699697900472567
28.594,77.262,6.381450041941604,4,1.8891301670766103,0.541898946314327
28.594,77.263,6.210831743514226,6,0.278995008557263,0.8320815425206243
28.595,77.159,6.181326165708952,2,0.8590554108175081,0.27850009230190104
28.595,77.164,6.461714310437427,1,3.249574846008769,0.13401746011653148
28.595,77.172,4.313815993446655,2,2.4565365668208248,0.37637735338719497
28.595,77.173,8.029583574715156,2,-1.0842684783612122,0.22149415678486495
28.595,77.177,4.161207940856484,2,1.6677042914682136,0.3875061851641085
28.595,77.183,7.346987430760596,3,0.6673759299900759,0.35941110788597813
28.595,77.184,7.331017788528256,12,-0.6296777609436218,1.4404002373544205
28.595,77.185,9.550108174089688,3,-1.3484400001003767,0.2843572739251893
28.595,77.186,6.384039965552788,3,-0.6313080909419373,0.4062816580077126
28.595,77.187,5.220012768781535,5,2.3934311478942654,0.8038568706956966
28.595,77.188,5.659791220236286,17,0.6568247200408602,2.552632573277102
28.595,77.189,6.7312490757036585,10,-0.05310355385268588,1.293452054393921
28.595,77.19,6.355145208463631,14,-1.0483639995063287,1.903429450160967
28.595,77.191,5.5846946365774075,5,1.5337664972150384,0.7593366550705987
28.595,77.192,4.621450449533741,8,-0.6578918309956372,1.4231202554962559
28.595,77.193,6.9673254643990825,6,0.6972677800075617,0.7530758002557055
28.595,77.194,6.705514373042807,9,0.6213485991661011,1.1679947066851057
28.595,77.195,5.934353572701212,15,0.2876454007788363,2.1631432321321467
28.595,77.196,6.77352818855903,9,-0.6435433562826967,1.1577754375736455
28.595,77.197,5.514399286848548,18,-0.15498321383846564,2.763109721619138
28.595,77.198,5.668072038077632,7,-0.12605871996652254,1.049778700653939
28.595,77.217,1.919281510338758,1,4.95021012518551,0.34255004063789607
28.595,77.218,6.54134755050843,8,-0.05480666733761069,1.0608183678606151
28.595,77.219,9.167877759578005,6,-1.8676041061762525,0.5900936401746255
28.595,77.22,6.8881943679997795,9,0.27363253352154787,1.1409455168232807
28.595,77.221,6.845350847773297,5,-1.7565440834526878,0.6373201271704914
28.595,77.222,3.89960782746221,5,0.34526774824047524,1.0204898383856547
28.595,77.223,8.068985734006857,1,-1.3579372548026631,0.1102659138882756
28.595,77.24,5.6373902881231315,3,-1.3171631111871838,0.4519848720314315
28.595,77.241,5.264139049753387,9,1.3359529339432445,1.436749715885429
28.595,77.243,5.648475499930932,2,1.4553323654943582,0.30082084231502054
28.595,77.25,12.41961816149836,1,,0.07451776853599727
28.595,77.251,9.86583556247382,1,2.55378259902454,0.09203157863474334
28.595,77.252,5.020677420788355,6,-0.2222194732642185,0.99656559896118
28.595,77.253,5.058766759296415,15,1.461421751582365,2.475751352696386
28.595,77.254,9.459772875926546,4,-2.3550960424405103,0.38241748147381954
28.595,77.255,7.332236235901425,14,-0.5448758085472074,1.6802212039641489
28.595,77.256,6.6715159195255325,5,-0.835290924215568,0.651761666462036
28.595,77.257,5.979258851462854,4,1.6942751735934671,0.5731267581745588
28.595,77.258,7.270013343063465,4,1.3100602409726987,0.48367515674627415
28.595,77.259,8.576329623229,7,-0.09836645969221205,0.7309689907728657
28.595,77.26,7.800058164926656,10,-1.1573339701122056,1.1363561254465122
28.595,77.261,4.233173633886698,10,-0.03109937348790055,1.9108863377370804
28.595,77.262,3.570404989183595,2,2.7439952576043867,0.43759798195854344
28.596,77.159,4.640370153348138,2,-0.1721540323244759,0.354586657546366
28.596,77.16,6.233623786095093,2,4.049259934397234,0.276486593599811
28.596,77.161,5.813707273717122,1,8.852222416729965,0.14676298229854307
28.596,77.162,11.554494203987502,2,-0.6257461281051606,0.15930550187874307
28.596,77.163,5.611094869159252,7,-1.319988124563914,1.0588261306996198
28.596,77.164,5.390019129188598,1,-1.6911852772666758,0.15649405420903326
28.596,77.17,5.144600696997147,4,-0.0967553823954116,0.6509780207450733
28.596,77.171,8.843917657287784,2,-2.6203343909047607,0.20317114279387866
28.596,77.172,5.315923885115707,4,-0.13518015639449665,0.6333198551405153
28.596,77.173,7.805789215864294,2,0.29163838014051446,0.22712331069620073
28.596,77.184,7.027436413566207,1,2.7657809520040573,0.12457277124114244
28.596,77.188,8.517103858501782,5,-2.4757377679075523,0.5253699102519953
28.596,77.189,5.513016645374647,17,0.9747362890764777,2.610157615990879
28.596,77.19,8.38903790056342,10,-2.4460401230164113,1.0650718535708454
28.596,77.191,5.993990625325932,2,-0.6193987577116009,0.28595977706315506
28.596,77.192,5.6620580670548,6,-0.810207318288708,0.9006225913387323
28.596,77.193,5.213823343861494,9,0.4496345787109465,1.448383628236054
28.596,77.194,5.864685464580208,5,0.04874970951626896,0.7283654911501123
28.596,77.195,6.116270269742282,11,-1.107710898880061,1.545753545473248
28.596,77.196,6.008827226240228,14,0.6109331234532868,1.997481111759417
28.596,77.197,7.904668363157094,6,0.39452664535009907,0.6738038695326255
28.596,77.198,6.6864660142230825,2,3.7703643952976686,0.2601975987793595
28.596,77.217,7.210868855535086,4,-1.7064605720918185,0.4871591631016652
28.596,77.218,5.793190699798203,11,0.32842504495904995,1.6192685420014434
28.596,77.219,5.94092242170958,3,0.30104687251912754,0.4322192091668829
28.596,77.22,6.706588391471516,10,0.6343238436689741,1.2975910340646304
28.596,77.221,5.061687694179332,4,1.489607099626614,0.6598822311220282
28.596,77.222,7.126742622548681,5,-2.650258457756994,0.6152526580732192
28.596,77.24,4.877178460103135,8,1.092771720892054,1.361197393325302
28.596,77.241,8.341262425517172,6,-2.112347750364463,0.6423114699796922
28.596,77.242,7.409676639318715,6,-0.13545367248277232,0.7134638176154741
28.596,77.243,6.2285763400336736,2,0.008368735095716673,0.27667965390688304
28.596,77.244,6.081058391119291,9,-0.8498803024559876,1.270996439075739
28.596,77.245,10.1483975339341,1,-2.0715323030668316,0.08969899009755847
28.596,77.253,6.664329623061723,4,0.6909249059133264,0.5218982215958102
28.596,77.254,7.010104359282463,10,0.4867780327275911,1.2484231854497077
28.596,77.255,5.933287764200117,14,-1.496290427729645,2.0192440406539447
28.596,77.256,7.76998445525839,14,-1.0240322997511335,1.5963540267857315
28.596,77.257,6.813831415541202,10,0.5083279205207478,1.2797818980469238
28.596,77.26,14.089734870570744,1,-1.2670082538567566,0.0662702167120433
28.597,77.157,5.671346893709395,3,0.872304645816012,0.44968430630234296
28.597,77.158,6.962532094978099,5,-1.9284093516251262,0.6279409540029933
28.597,77.159,9.05531928895187,2,-0.8608206667106915,0.1988997009968117
28.597,77.16,15.830331504582944,1,-5.130962650071751,0.05941653613463867
28.597,77.163,7.176229618177781,4,0.6449664562955728,0.48922305106341557
28.597,77.164,3.6988338519219224,1,2.3727622024129533,0.2128187613169125
28.597,77.165,5.828803741048769,6,-0.8256795115511888,0.8786311962567135
28.597,77.166,4.919559909643967,1,6.396291535847588,0.16893147721519475
28.597,77.168,5.033957127109067,10,-1.229860212033523,1.657287214566456
28.597,77.169,5.36673631909976,12,-0.22140725088458546,1.8847961339314219
28.597,77.17,4.775492470195724,5,1.5908068743494514,0.8657270398675728
28.597,77.171,5.754830970311219,2,0.29495406849897177,0.29608438890482747
28.597,77.173,3.9205665516137094,4,-0.8278880406341755,0.8129145207248935
28.597,77.189,8.478702601807749,4,0.536063791497631,0.42199868146903696
28.597,77.19,6.066255995668612,4,2.4408679109065288,0.5660706323761652
28.597,77.191,7.392292604493488,3,-2.541299409467857,0.3574708534821235
28.597,77.192,4.821019304264107,15,1.3327858239673491,2.576868279583261
28.597,77.193,8.659020771109402,6,-0.752858615573685,0.621180981197006
28.597,77.194,6.647184101485905,10,-0.1315824370520075,1.3076708847714187
28.597,77.195,8.832606353603664,4,0.2743024398998415,0.4068097365185371
28.597,77.196,7.860822601703338,7,-2.8729177249001827,0.7899943735082083
28.597,77.197,7.175596511805131,4,-0.8701216793515161,0.4892609357891146
28.597,77.218,7.210331505245611,2,1.7894683000311118,0.2435955233625089
28.597,77.221,7.175188074988886,1,6.23189815934622,0.12232134488249796
28.597,77.24,5.5153036524901875,14,-0.7182471244447398,2.148787032304951
28.597,77.241,8.412308522994051,5,-1.1886625138789504,0.531219305846713
28.597,77.242,4.6503292233457865,3,3.60112259849399,0.5309425135096074
28.597,77.243,7.563816473899831,4,-0.5096731080942423,0.4670814714667118
28.597,77.244,8.141280745561748,2,-2.3585567301347754,0.21878772304100114
28.597,77.245,7.46776334606679,2,1.068843859330756,0.236189878987228
28.597,77.253,5.393269074393965,13,0.39187562324629555,2.033388529205977
28.597,77.254,7.209243406520339,12,-1.1681320179571049,1.4617668651984157
28.597,77.255,6.467544252247163,10,0.2625637375021365,1.339128321468033
28.597,77.256,3.3610907632182334,2,7.170152649604875,0.4586008658357102
28.597,77.257,9.440496241788383,2,-0.5887922861166679,0.19156177577028793
28.597,77.26,5.857860338047445,2,4.430428807033252,0.2916361520085193
28.598,77.157,5.477587348851868,7,1.2647002816860555,1.0806492638406069
28.598,77.158,7.435618424049033,2,-2.034614722368575,0.23708990846459072
28.598,77.159,5.224687424934829,1,10.409820164665778,0.16065063700937077
28.598,77.162,4.661018708902361,4,2.812828964428766,0.7065866067020253
28.598,77.165,3.6524164756799458,6,1.1753659330975472,1.2896523841673282
28.598,77.166,4.981619207153484,7,-1.0292824173265818,1.1702516923224773
28.598,77.167,6.145246559433215,15,-1.0844463157513464,2.0992977464433156
28.598,77.168,4.90255685459175,23,1.0073808027631899,3.896616426846903
28.598,77.169,5.663202539422498,26,-0.10170278901830962,3.9020275680008716
28.598,77.17,5.760183259225098,6,-0.9081302571345109,0.887549903593555
28.598,77.171,5.072567123701032,1,5.477815186729743,0.16467500146635392
28.598,77.172,9.854710563909324,1,-4.782143440208292,0.09212590184807747
28.598,77.173,7.357299463455449,2,-1.411790417705916,0.23931175480136144
28.598,77.174,5.0716461844582215,4,0.806173159176637,0.6587999166089293
28.598,77.189,6.386147832539754,5,0.6839006068048635,0.6769428548359736
28.598,77.19,6.018674308767614,7,0.12718069216315975,0.997339339603736
28.598,77.191,6.602139205970993,6,1.3388429779066797,0.7892515300545121
28.598,77.192,6.578277128174913,9,-2.1116391255612217,1.1876050252291952
28.598,77.193,6.64507607443268,6,0.623322838156037,0.7848188744734295
28.598,77.194,7.221278311119948,1,2.1019508223963976,0.12163558538669327
28.598,77.218,1.827647522444824,1,7.699713872015844,0.35365086774867394
28.598,77.24,3.4398064548525733,2,0.14761492658715025,0.4504700870043695
28.598,77.241,6.1029993624377115,10,-0.07572218668836053,1.4078559619309967
28.598,77.242,6.907349014888163,8,-0.45106139417170027,1.01171707293271
28.598,77.243,5.692131425219937,11,-0.40165603703368047,1.6437214545048306
28.598,77.244,5.818055279555969,2,1.5915125351648145,0.2933387774072509
28.598,77.245,2.490852925186741,1,4.0618342689018245,0.2864629422754915
28.598,77.252,7.710283183999908,7,-1.8639180472953576,0.8036478093913684
28.598,77.253,3.802664551616457,6,0.754279091079292,1.2493064913268925
28.598,77.254,5.995854981142062,19,-0.26904575793413626,2.7158939187870756
28.598,77.255,6.111798173816175,15,0.7537398622961028,2.109171215688624
28.598,77.256,10.04881218889766,4,-3.7238350199139347,0.36202986634340467
28.598,77.258,7.417006940744345,1,4.902523263162426,0.11880707798389513
28.598,77.259,9.657580393006596,2,-0.26625362334002745,0.18765985582547248
28.598,77.26,5.634130708695739,12,-0.4699362091093815,1.8088277917513602
28.599,77.156,4.84232707008589,1,-0.13596933990579707,0.17116467257032542
28.599,77.157,5.612553180706487,10,-1.090348910259472,1.5122751721947734
28.599,77.16,7.358034696527658,10,-2.008469409010818,1.1964535160585654
28.599,77.161,4.729075925240437,3,1.333837808454164,0.5236446573840957
28.599,77.162,6.839483584679928,12,-1.2964770759831814,1.530713071898082
28.599,77.163,7.204522749065823,1,12.361983021919105,0.12188399381473604
28.599,77.167,4.974753027251567,13,0.6631172657088477,2.1758221537702793
28.599,77.168,6.288046302263309,20,-0.30722556305162435,2.74421966745587
28.599,77.169,7.891836823810412,6,-0.12388253570436181,0.6747762154084183
28.599,77.17,6.991318941322263,4,-0.5725828826071055,0.5005431555630228
28.599,77.172,5.212190704509983,12,0.5083840638639555,1.9316857081171268
28.599,77.173,6.2073650444141695,10,-0.6560376548831757,1.3874696145368923
28.599,77.179,5.832692827950961,1,0.992242481465385,0.14635518165096373
28.599,77.18,7.527223925041724,3,-0.7508139495825862,0.35181438019822153
28.599,77.184,5.011835004455858,5,2.992490591422979,0.8316928186309329
28.599,77.185,10.502478899851099,1,-4.348006201357445,0.08693778173441771
28.599,77.188,10.712320932094327,1,-2.932039844111668,0.08538017407461751
28.599,77.189,4.255901898004624,9,0.7060049863526684,1.7123607279307864
28.599,77.19,5.580077397010378,6,-0.27986475251665865,0.9118433778189399
28.599,77.191,8.529139735078166,5,-1.231854913960456,0.5247063364591311
28.599,77.192,7.861239066980389,4,-0.9650699805185332,0.45140413995884493
28.599,77.24,2.9869826685703043,1,-0.6309158261754875,0.2508162395294763
28.599,77.241,6.849245996941333,7,-1.07191479147782,0.8918054043315417
28.599,77.242,7.020360058167457,17,-0.9749133548085818,2.1196055883661
28.599,77.243,6.047309004259271,14,0.6101284822515325,1.986573881113861
28.599,77.251,4.999607058642517,13,-0.40033228835103024,2.1668085714502454
28.599,77.252,5.675051223136702,17,0.28075980407944384,2.5467969355913733
28.599,77.253,6.793881323011119,10,0.20215983792559164,1.28305777128982
28.599,77.254,6.408491516367658,4,3.310163591182947,0.5399209800217437
28.599,77.255,6.841696818729138,6,0.4479341742866678,0.7651405223509251
28.599,77.257,8.089177742913305,2,-2.891956781815314,0.22004190660253836
28.599,77.258,6.139947685056318,7,-0.8767388712913665,0.9803993402711866
28.599,77.259,7.279163937382319,5,1.4740868153016897,0.6039257149413187
28.599,77.26,6.517363140252758,4,-1.0800827443294887,0.5321014729994149
28.6,77.156,11.013987812215964,1,-4.084584964508761,0.08323630884519362
28.6,77.157,6.407392667450288,6,1.3652508847869598,0.8100016118175184
28.6,77.158,5.266323244928745,1,1.4633590501383802,0.1595832134592302
28.6,77.16,4.806619211662238,3,0.998895268984873,0.5166517539112405
28.6,77.161,6.943670017572902,3,5.237429759700242,0.3776591919557877
28.6,77.162,6.199420923042164,5,0.4444212009035201,0.6945003012668991
28.6,77.163,4.822933888863807,3,0.895393727781603,0.5152042007101288
28.6,77.166,6.461029425134428,1,3.776057388398029,0.1340297622512034
28.6,77.167,6.645884611623926,3,-1.7309953216392566,0.3923679407140338
28.6,77.168,7.344282028740384,11,0.3293929001099236,1.318268002221458
28.6,77.169,4.790306576865396,1,2.944311251729535,0.17270242719019444
28.6,77.17,4.927916401825385,7,2.362319619255623,1.1808533598490842
28.6,77.171,7.731358680378916,2,-0.3792950994118902,0.22905942513785332
28.6,77.172,4.710117388529491,4,0.47023917632031287,0.7005109926523083
28.6,77.178,7.791373336669497,3,-0.5320679728290933,0.3412436129275466
28.6,77.179,7.478877449649839,8,0.0743102209292239,0.943521126175775
28.6,77.18,5.239207655484351,7,1.0315484503880534,1.1219373334764555
28.6,77.181,7.456642314848156,3,-0.1886813237110753,0.35475072591548606
28.6,77.182,5.1998940023138385,5,1.2547887516184404,0.8064654005591014
28.6,77.183,5.902907707809376,10,0.017927963351439268,1.4486648848986972
28.6,77.184,6.8793119202714825,16,-0.5457497318089798,2.0306341672850943
28.6,77.185,7.931552324130771,3,-0.26416309064217663,0.33588786037727925
28.6,77.186,10.248186513589346,1,-9.102200808513487,0.08890321998055983
28.6,77.188,6.1473857179487865,5,-2.311878477887654,0.6995564808323986
28.6,77.189,6.558269319548476,6,0.5999500016569422,0.793832522543459
28.6,77.19,5.58855068502692,3,-1.0318245019539485,0.4553353451188852
28.6,77.191,7.72278012620163,3,0.30426379227410444,0.3439270458037284
28.6,77.192,7.837157759939677,4,2.875761377593186,0.4526342189038056
28.6,77.194,8.188687139054519,2,-2.1898451546117528,0.21765895059147616
28.6,77.241,8.589385011055343,3,1.596113467594443,0.31284592250090915
28.6,77.242,6.137495754348992,18,1.198485268622556,2.5218929186798196
28.6,77.243,6.600074988094778,6,-0.5025471684760531,0.7894658946653509
28.6,77.251,3.135559094351714,2,3.9281129217286783,0.4836105480227741
28.6,77.252,5.904011505065671,4,0.032310102389394024,0.5793733102943246
28.6,77.253,6.302711715507231,1,1.0462363717859056,0.1369354342547181
28.6,77.254,4.1448479933482805,1,1.571977006019905,0.19436920221800322
28.6,77.255,4.764441249831385,9,-0.29929028910456945,1.5612961620978023
28.6,77.256,5.146431769550166,5,0.8004956221634558,0.8134801113013789
28.6,77.258,2.937882838997183,1,4.187181948786566,0.25394356330181195
28.6,77.259,6.717121770399077,8,-0.8552546734612465,1.0366559240630324
28.6,77.26,6.769060120703046,1,1.217432522002393,0.12871569848393796
28.601,77.157,5.074667463756628,5,2.2350335753112645,0.8230903221997861
28.601,77.158,5.094953942309499,4,0.19669552402194213,0.6562805950399554
28.601,77.16,5.267268586308573,10,0.38029409426473093,1.5955914226886532
28.601,77.161,3.7851512418934425,5,-0.10744073651944089,1.04489905276673
28.601,77.162,6.578342532178861,5,-1.53269731816783,0.6597748754122944
28.601,77.163,5.447580765539967,6,0.26048084282910383,0.9305815961341458
28.601,77.164,19.56650577098493,1,-14.382050262947697,0.04862274667050114
28.601,77.166,7.907716364714833,2,-3.378025811197862,0.224524436804295
28.601,77.167,4.704493780478499,2,2.5308369863084765,0.3506007854446706
28.601,77.168,12.362520857711823,1,-5.693828900293578,0.07483617879053686
28.601,77.17,5.805767803436624,5,0.4276245454905423,0.7346709650416242
28.601,77.178,6.646520793397921,4,-1.1107929425876493,0.5231137282008882
28.601,77.179,6.156723672916407,8,0.5723540406957308,1.1178299408533616
28.601,77.18,6.578915035989545,12,-0.49861886501883285,1.583340087996278
28.601,77.181,5.248242727466473,11,1.0071568539300542,1.7604949871178037
28.601,77.182,6.862243810451492,19,-0.6219684250359209,2.4166129234942817
28.601,77.183,5.667007068451408,8,0.25913778268794296,1.1999387308071678
28.601,77.184,5.2978521249633115,10,0.5403218848179832,1.5878429346351564
28.601,77.185,6.419991714743804,9,1.6558596963694383,1.212939359772688
28.601,77.186,8.42591355423264,4,-2.4275924610651543,0.4243620501064142
28.601,77.188,6.073595886992526,7,0.6782839740739357,0.9895956896367434
28.601,77.189,8.43711115399133,2,0.12088220642463643,0.21192926175868135
28.601,77.19,8.306413543855221,2,0.481696301251485,0.2149055584705396
28.601,77.191,5.368775485580714,15,0.18790463240717425,2.3552408204624093
28.601,77.192,6.279217146284786,9,0.8859257512741332,1.2363966919977758
28.601,77.193,7.429476415950376,13,-1.513133813057819,1.5422072924246177
28.601,77.194,5.732264898084895,20,-0.07881553003934183,2.9707684267874446
28.601,77.196,6.34020274906415,6,0.31461521598658315,0.8174161130310711
28.601,77.222,8.96809095955378,3,-2.217283778102217,0.3009603355519836
28.601,77.223,4.751973500947785,1,3.441681413229346,0.1738533739481283
28.601,77.239,3.629797755046326,1,6.627555144877183,0.215992156225406
28.601,77.24,7.066655199118848,5,-2.641205829252928,0.6198355919001185
28.601,77.241,5.9115951994802565,18,0.3302774941004069,2.60431918833348
28.601,77.242,4.493769955544822,4,-0.32267325660519064,0.7280974690181246
28.601,77.243,6.752310912798575,8,-0.12409390798786973,1.0319503551892515
28.601,77.244,5.830657248950877,4,-0.9685932034402955,0.585595185677683
28.601,77.245,5.598967889294457,1,1.832298092562744,0.15153884922251337
28.601,77.253,4.492103281191124,2,4.815982051548506,0.36415921143533947
28.601,77.254,6.813125296548551,11,0.6077481615875334,1.4078873155738654
28.601,77.255,6.053642911480829,17,-0.3932344567338234,2.4101021576141926
28.601,77.256,5.17436760849542,14,-0.38669045805082164,2.267438689710855
28.601,77.257,5.72904427163359,12,0.40611614675248014,1.783314169975998
28.601,77.258,5.654415755215095,10,-1.4383226861427407,1.5027615297650971
28.601,77.259,6.32676184740986,7,2.3430933393518774,0.9554016011144983
28.601,77.26,5.217542391856985,7,0.22570306507377147,1.125846766910313
28.602,77.157,7.957160830711269,1,-1.7726548244219815,0.11164251919774809
28.602,77.158,6.903106955505199,6,-1.8266761454954652,0.7591950904600222
28.602,77.159,7.433642644015757,5,1.2232664622201779,0.5928636309421813
28.602,77.16,7.057727800549515,7,-0.764259143873493,0.8687312569087553
28.602,77.161,9.510920155176352,7,-1.0530780194641114,0.6659740438188643
28.602,77.162,6.118396558224668,12,-0.04722684964121241,1.6857728986923435
28.602,77.163,7.061678516434372,7,-0.6400673787543033,0.8683055254225213
28.602,77.167,5.844685429851453,14,-0.062606376819861,2.045382529771545
28.602,77.168,5.59905825476564,6,1.3631804566622048,0.909220644577123
28.602,77.169,7.1572107782869905,7,-0.44794238417209387,0.8581364623595021
28.602,77.17,3.3093545691570796,7,1.0983920190388492,1.6243731834229684
28.602,77.172,9.82647319889092,2,-3.1918515232561857,0.1847323651255963
28.602,77.173,10.847787414422596,1,4.744768761697651,0.08440394522800738
28.602,77.178,6.845642186000938,3,0.533672803873657,0.38237787664506695
28.602,77.179,5.2776623691161655,11,-0.512067811232352,1.7522446020856477
28.602,77.18,5.704303836561078,12,-0.8992253584778259,1.7898950125976554
28.602,77.181,6.1644047948757095,5,4.267709182951564,0.6978946811570746
28.602,77.182,7.074131187242181,12,-0.4736519840802173,1.4862280190543633
28.602,77.183,6.1869309776094665,12,1.13958109548775,1.6696974045507624
28.602,77.184,8.864771358924855,5,0.7799324493158494,0.506854119378692
28.602,77.185,8.818116002111207,5,-0.16851651455568745,0.5092626730958201
28.602,77.186,5.53291351379813,10,-0.4060424004473441,1.5307106054410573
28.602,77.187,5.559082384491189,5,0.029175985636621826,0.7623017530352102
28.602,77.19,4.939028940614886,2,0.6623413643770557,0.3367553888014787
28.602,77.191,7.616704060684144,7,-0.5930446884867973,0.8123755847597507
28.602,77.192,7.283115870377108,19,0.4115117768820286,2.293822795350439
28.602,77.193,6.643474513618416,30,-0.3238584156574743,3.9249165999767324
28.602,77.194,6.0457517848757245,19,0.548797449476575,2.6966604246242447
28.602,77.195,5.979443504175541,13,-0.505017172926467,1.862612684266673
28.602,77.196,7.528076778606882,12,0.19567676621493613,1.4071167874687311
28.602,77.197,7.14085576940964,2,1.7637369006975603,0.24567441761040268
28.602,77.219,5.787995772289975,7,0.6254050867520727,1.031232227423516
28.602,77.22,5.681752866458375,1,0.9158917006394685,0.14966132689819825
28.602,77.221,7.881898664828275,9,-1.2850479039538203,1.0132968568578022
28.602,77.222,6.064353937478027,7,1.3020586971226,0.9908903293850249
28.602,77.223,5.404811726004446,12,0.15994852268403528,1.87359137369773
28.602,77.224,6.517819311513724,2,3.3567640664893523,0.2660345928954359
28.602,77.24,6.1356156618619435,4,-0.22555694522738357,0.5605683082651138
28.602,77.241,6.719173065321655,6,-0.5669174211144129,0.7772853321497569
28.602,77.243,7.239184538494696,5,-0.0696052020858378,0.6068561732825932
28.602,77.244,5.117689051896124,2,1.683785257127525,0.3269208328560141
28.602,77.245,13.629215571490704,1,-2.0493809117265354,0.06835636505000253
28.602,77.246,8.497710980027671,3,-0.4579500627644742,0.31586558132886666
28.602,77.247,7.77380214550074,1,1.9639629645715253,0.11397567250964351
28.602,77.253,14.858899454381126,1,-0.38876030723903376,0.06305607793759885
28.602,77.254,7.527259446292456,10,-2.310616553748334,1.1727097155872128
28.602,77.255,5.627934988764938,16,1.2687441185817259,2.4140248851447272
28.602,77.256,5.01794039873223,9,1.1175507417087673,1.4955282710835731
28.602,77.257,6.52978934588037,6,-0.35779795535931785,0.7968350407150057
28.602,77.258,6.202400382485579,3,-0.31130848574107145,0.41652780193881517
28.602,77.259,6.680798433115089,5,-0.09699144102624899,0.6509739896887462
28.602,77.26,3.740789994088052,3,-0.6306312457528307,0.6328059255400715
28.603,77.159,6.278800263371175,3,0.15104429049310278,0.41215583495219454
28.603,77.16,6.957763940344597,2,4.089588776927441,0.25132688214842847
28.603,77.161,7.204813013086524,20,-1.1402693423651322,2.4375936377953242
28.603,77.162,5.722562137922227,34,0.723268717640317,5.0575954974376085
28.603,77.163,6.3985263528583625,7,0.2566821455602191,0.9461343605670344
28.603,77.164,5.612241053470915,7,-0.28131422293596037,1.0586425908241113
28.603,77.165,2.9938650628162344,2,3.7671746672824518,0.50076804512512
28.603,77.167,5.066570557887581,2,1.566759896044287,0.32967555242552277
28.603,77.168,6.551154420524159,5,-2.653474781442367,0.6621504105928386
28.603,77.169,4.410284361352122,2,2.4993538564149613,0.36966633663228854
28.603,77.17,6.641986432382316,5,-0.8541355262039211,0.6542801461689194
28.603,77.171,7.532735509603611,4,-0.9298502688997243,0.4687828417390873
28.603,77.173,6.383585751856714,2,3.026591531458932,0.2708711007381569
28.603,77.175,8.223341100921465,1,-1.1211821675419786,0.10842058089991861
28.603,77.178,12.899557790522312,1,-8.876635842134583,0.07194473486644803
28.603,77.179,7.475269014155432,3,3.467817922619719,0.35397106510594367
28.603,77.18,4.642016910231631,1,4.443463667410783,0.17724158149659733
28.603,77.181,10.857845033324791,1,-0.06310603449892582,0.08433235526266719
28.603,77.182,6.58923706113628,14,-0.8544794319213139,1.8447177084100579
28.603,77.183,5.520961739598913,20,-0.7636776245817872,3.0670322566913493
28.603,77.184,7.0689740438994395,7,-0.2896596450029234,0.8675204507929185
28.603,77.185,8.354294631254334,1,-1.3766460095774837,0.10690276920066481
28.603,77.186,9.069610836676988,3,-4.408872995582903,0.2979261114116712
28.603,77.187,7.3654993688338415,1,-0.49940942812937994,0.11953859009607468
28.603,77.19,8.21793911725033,2,-4.6790479831749,0.21696823710380408
28.603,77.191,3.950666698434729,5,2.516007402368751,1.0099649813995495
28.603,77.192,6.278217080464086,10,0.09410611010794323,1.3739628661037908
28.603,77.193,7.840344920736887,8,-0.7774069119711562,0.9049420663705462
28.603,77.195,6.374658229475032,4,0.6782296982620227,0.5423980170379694
28.603,77.196,5.0383820541076,12,-0.5308891282825955,1.9872873051874913
28.603,77.218,6.54965775331143,2,0.9585437961345726,0.264912670925084
28.603,77.219,7.634389532344637,3,-1.3831123879291198,0.3474478408417787
28.603,77.22,6.401514414292738,8,-0.4715366208934764,1.0808598824791253
28.603,77.221,5.265895762770189,22,0.5257015444972594,3.511070217719944
28.603,77.222,6.444151701110256,15,-1.0548962388537453,2.015004610634524
28.603,77.223,6.523540214955528,16,-0.4356474967365035,2.1266584005485476
28.603,77.224,5.311558237379794,2,-0.6834926170224906,0.3168789583775255
28.603,77.225,1.763938628936405,1,9.495295878742228,0.36180253408333146
28.603,77.226,4.935053353815183,4,-0.5862162479620264,0.6739619278112658
28.603,77.241,7.74887946815165,1,3.4327134471597036,0.1143003516782095
28.603,77.242,11.334468451435963,1,0.9101156345236276,0.08107361934057088
28.603,77.243,4.231718934720175,12,0.6158116482788314,2.2937012002617903
28.603,77.244,7.56535493214391,5,-1.206607350185735,0.5837469713293596
28.603,77.245,8.17426385966904,3,-0.9679471491208741,0.3270017132587927
28.603,77.246,6.443511651388701,5,0.5071616344656288,0.6717259586833821
28.603,77.247,7.864185638314993,3,-0.32841177396352944,0.3384405654855255
28.603,77.248,5.4432575379143495,3,-0.9558760825860467,0.46560299388111764
28.603,77.253,14.470139147142092,1,-8.778651624896657,0.06464065969210994
28.603,77.254,5.634749177325042,6,0.8422696459837363,0.904329589505152
28.603,77.255,6.936545582104603,8,-0.8891621521439304,1.0079952187307377
28.603,77.256,6.310783633547054,4,2.1559395378522894,0.547136969236125
28.603,77.259,9.611000024033864,3,-0.38084229146228993,0.2827254729247964
28.604,77.16,6.639074971411912,3,-0.611082619837573,0.39271770616560886
28.604,77.161,7.346228113261795,6,0.7856131798132234,0.7188876122935414
28.604,77.162,5.996743133973182,6,0.7562328431620754,0.8575418426991517
28.604,77.163,5.137651975517371,13,0.5210342072252672,2.1180738256023663
28.604,77.164,5.687711683331828,15,-0.7393010002745309,2.2429196577635624
28.604,77.165,4.967720890192789,16,0.23319000927251815,2.681090535968936
28.604,77.166,10.1834005669741,1,-6.442047417066684,0.08941824036537847
28.604,77.167,8.653249620501933,1,4.613107982648698,0.10359205856193364
28.604,77.17,5.511840015113623,6,0.7414667599347314,0.9213985580226679
28.604,77.171,6.745422003098389,5,0.15063681520753872,0.6455426183363357
28.604,77.173,10.195112346434824,2,-3.5031502340594107,0.1786493907438916
28.604,77.174,5.452518652966977,1,4.815157103960748,0.15497824241704178
28.604,77.175,6.995404315611259,5,1.7771250549410649,0.625359244214499
28.604,77.176,10.349113743897169,1,-0.14521736369613691,0.08811260707804047
28.604,77.177,3.9400522575032686,1,6.409061486393901,0.20242700843521155
28.604,77.182,5.607034945529393,6,1.240930167799255,0.9081229400882556
28.604,77.183,7.101437454148105,2,-0.6940319309658158,0.24686976987965986
28.604,77.184,6.468279919724484,4,1.1016988385582418,0.5355985639257568
28.604,77.185,5.9456557257500275,4,0.6542882811973776,0.5758995490045051
28.604,77.192,5.73083081468691,9,-0.1348567244420319,1.3371306229183004
28.604,77.193,5.248783863950727,4,0.7084296596038218,0.6401245565678827
28.604,77.218,6.842420404424055,11,-0.6923160616920833,1.402628198023495
28.604,77.219,8.048647276568149,4,-1.2192243679248294,0.4420550252144503
28.604,77.22,4.982386448818528,16,0.6434091581204222,2.6745179598285342
28.604,77.221,5.912169414133255,19,-0.9278538105820558,2.7487752197090045
28.604,77.222,6.860941936560695,16,-0.11116824088958287,2.0353794913030856
28.604,77.223,5.949990458162436,15,1.4745370045971458,2.1582763444492516
28.604,77.224,6.482242128018124,15,-1.7279893168539802,2.0047466712993365
28.604,77.225,5.651549500055698,26,0.2602392348811486,3.9088636414390785
28.604,77.226,9.012499782987168,1,4.638978361540939,0.09987515821964453
28.604,77.243,7.737966069078573,1,-3.793237396988587,0.11444310862441365
28.604,77.244,5.607529028754187,1,9.18431615369865,0.1513425057458347
28.604,77.245,2.7981913927257045,1,10.792231948594985,0.2632832041890253
28.604,77.246,6.575369186268714,7,-0.9637244237362268,0.9240473735178952
28.604,77.247,9.362025390662792,3,-2.9812654578926217,0.28951868837373207
28.604,77.248,8.355195597091761,2,1.1505459896326702,0.21378494754526967
28.604,77.249,10.767023306390536,1,3.504708714330901,0.084983259908809
28.604,77.25,6.978061305962846,3,-0.4701077610224411,0.3760312041921493
28.604,77.251,3.1780354171823495,4,1.9541067467073512,0.9573877673582729
28.604,77.253,7.31151200329361,3,0.8839526958229218,0.3609451564061012
28.604,77.254,6.702122577616372,5,-1.1892097312739158,0.6491716990496643
28.604,77.255,9.579225790169549,2,2.0799508090345133,0.18904975086725576
28.604,77.259,5.4686077305519305,3,1.8342025163457787,0.4637783159783638
28.605,77.162,10.783438907741813,1,-3.888787631460062,0.08486486906152602
28.605,77.163,7.282593353135275,14,-0.9756355981624885,1.6902918449691204
28.605,77.164,6.087983456771013,11,0.09679304526620362,1.5519223580427397
28.605,77.165,7.230022847452405,4,-1.616868240836363,0.48602538220634417
28.605,77.166,9.904058267555376,3,-2.9968830224568723,0.2751269230582149
28.605,77.167,5.1430941088744,4,1.7341764808776345,0.6511376724998472
28.605,77.168,6.9750066865712,2,-3.550978196607143,0.25078348879226914
28.605,77.169,3.467545773116207,4,-0.35715256860396344,0.8953461706134722
28.605,77.17,8.393982256797923,1,3.609116924578993,0.10645112718584852
28.605,77.171,5.161056662385025,2,-2.292296611656789,0.3246196406877021
28.605,77.173,9.071463258952106,4,-2.7456479429253937,0.3971617526822198
28.605,77.176,6.631550275337202,5,1.2655086156770676,0.6551748753013454
28.605,77.177,9.515076727782498,3,-2.515356004215438,0.2853046228444083
28.605,77.216,5.782660462332198,6,-0.5676995562914172,0.8846086330461715
28.605,77.218,7.010089458374896,3,-0.2445877294216269,0.3745276523551644
28.605,77.219,5.2532318552493855,8,1.3921768938930648,1.2793384581261382
28.605,77.22,9.29919530387371,2,-1.9559649335985352,0.1941899285323548
28.605,77.221,6.137905088514174,20,-0.007030435924551615,2.801942552049708
28.605,77.222,7.137685530656234,15,-0.35248821845656547,1.8432759466425803
28.605,77.223,7.1266128660168135,14,0.21477786131984697,1.722734948842466
28.605,77.224,5.058169435528993,8,2.19284179271221,1.3205309103906646
28.605,77.225,6.509054058723332,6,-0.5937880322447149,0.7990353982110102
28.605,77.226,8.608520714530565,3,-1.6025478109872324,0.3122228789560942
28.605,77.244,7.177777122603845,5,-0.5192975300008691,0.611413092462463
28.605,77.245,6.616940896520053,7,0.410104596116054,0.9190041113746971
28.605,77.246,5.271336770900222,6,0.05470495983298148,0.9567338223392406
28.605,77.247,6.959604095932559,3,2.852185403634637,0.3769031680272931
28.605,77.249,5.642567433350777,1,5.124455873039759,0.15054419996991433
28.605,77.25,6.5270882395866865,3,-1.0215960011047365,0.3985604930499301
28.605,77.251,5.512776122881667,8,0.18707011635168658,1.2283548288867467
28.605,77.252,8.27712354793441,1,,0.10779203217819107
28.605,77.253,6.426784692363875,2,-1.494645524971683,0.2692955407817833
28.606,77.162,6.894651276281751,1,0.6087601101769211,0.126668039537648
28.606,77.163,4.712341323724743,6,0.4126830649160544,1.0503574033786356
28.606,77.164,5.948286307243025,4,0.4275923183040793,0.5756815167259767
28.606,77.165,7.946144388232664,1,8.994233060247058,0.11177999779607321
28.606,77.166,7.061187477712964,1,-5.721911082578467,0.12405120247664922
28.606,77.167,5.641040935809761,2,3.7433624753600228,0.3011576075695631
28.606,77.168,5.725999330276205,3,4.309896287397429,0.44603037447474797
28.606,77.169,6.377234845280883,5,-1.451126624553646,0.6777607199530095
28.606,77.17,12.003099181376916,1,-6.224463638843789,0.07690474294252893
28.606,77.176,8.787316126583361,3,-2.2659166523570407,0.30651916840120147
28.606,77.177,14.141403787367269,1,-2.1850766385319034,0.06604407451535749
28.606,77.178,12.155317093860388,1,1.9860866935068806,0.07601489138309725
28.606,77.179,3.5733689065783856,1,-0.15867982645271317,0.21865719132379385
28.606,77.216,5.877610691582333,7,0.10761863602147224,1.0177953236823163
28.606,77.217,6.23198632555025,3,0.4192646392172124,0.41482379320894847
28.606,77.218,3.8127606076481912,2,0.29823616309173695,0.4155619119766113
28.606,77.219,8.117773509059,1,5.043935791845831,0.10967589828881426
28.606,77.22,7.503512028893023,3,-1.767501528241841,0.35279540850964564
28.606,77.221,6.14145306061184,12,1.0321749465621524,1.6803303050726635
28.606,77.222,8.421149940571347,10,-2.678530603904762,1.061441550456159
28.606,77.223,10.923548683541421,1,-2.1337276553336384,0.08386764935009175
28.606,77.224,6.797143486966492,5,0.6094237968429601,0.6412604831959131
28.606,77.226,4.141674486323549,2,1.3440614589533655,0.38897833873378085
28.606,77.227,7.920323734270205,3,-2.270267568343528,0.3363106642054441
28.606,77.228,6.189132934737808,2,2.242001094636807,0.2781976655816201
28.606,77.244,3.6343192855834423,1,0.013245475486117986,0.21578142082502283
28.606,77.246,8.343007980848737,6,-2.6847606791333685,0.6421914668486614
28.606,77.247,5.013020106131936,9,-0.29863938408531293,1.496752021637515
28.606,77.251,8.425354198602385,1,0.02997654690640772,0.10609680855795132
28.606,77.253,5.964374484446649,1,2.312749063487761,0.1435879133486106
28.607,77.164,6.529891470980741,5,-0.05155461753373682,0.6640201946162669
28.607,77.165,6.084803727608505,3,1.2616230831217716,0.42344151162712
28.607,77.166,16.940377448479722,1,-9.87918997076676,0.05574018734398147
28.607,77.167,4.881206276965459,7,0.5654710017799319,1.1902320153973256
28.607,77.168,8.444503030311955,1,0.5902112613563464,0.10588169613483302
28.607,77.178,6.412333269153,5,-0.9048308875178404,0.6745514291441654
28.607,77.179,6.58627581707085,6,0.6568084079869978,0.7909019055830573
28.607,77.18,7.839811861131153,4,-0.945227715146189,0.4524983181585671
28.607,77.217,6.197301373967788,1,-1.3694904696681638,0.1389409652369068
28.607,77.22,8.024167109553405,1,6.86206371409758,0.11081355075321614
28.607,77.222,4.539240867947521,8,1.9318780651542369,1.444241221986123
28.607,77.223,4.981379001503327,1,9.872744932951079,0.16718552690753513
28.607,77.224,6.541780908607427,1,-2.8379308978010984,0.13259467652510312
28.607,77.228,5.053734733165666,10,0.33267716748509557,1.6518728422662026
28.607,77.245,10.784676721400924,2,-2.45419355371199,0.16971191041397074
28.607,77.246,6.605994276513606,10,1.2315218667938097,1.3147525013105512
28.607,77.247,4.14074802093922,5,3.821711799668406,0.972621100982595
28.608,77.165,5.303666784365208,1,-1.7454552059159756,0.158637826872491
28.608,77.166,7.1959998076780956,2,0.7001006526487683,0.24402147961574863
28.608,77.167,3.6740156435934437,5,-0.8071323653688035,1.0697439592127542
28.608,77.168,4.653855566504092,15,0.05724584018112389,2.6530568076175394
28.608,77.169,2.587011203109838,1,0.266789002875659,0.2787836288699149
28.608,77.179,5.318185114056165,8,-0.40668114358532603,1.2661863898546237
28.608,77.18,5.892076924027949,8,0.891476609670972,1.1607531500569128
28.608,77.181,6.220617750357017,3,2.0578650293956344,0.4154769167571109
28.608,77.182,6.869138589178522,2,1.4172135304972904,0.2541574248991318
28.608,77.183,9.34255987392089,1,-4.563909098554815,0.09668786182437612
28.608,77.222,11.108077913162656,2,-1.7701315294967142,0.16517898334844755
28.608,77.227,9.788570983990756,2,-1.1214223926201035,0.18538136357148835
28.608,77.228,11.822317605802938,2,-3.3204071858962814,0.15597804246362365
28.608,77.245,6.387853331806522,2,-0.2280798700468829,0.27071463254278605
28.608,77.246,6.623614692192733,13,-0.4401998569739458,1.7052278380901345
28.608,77.247,10.949949793936051,3,-3.3852386912634422,0.2510470798398113
28.608,77.248,6.007284292026931,3,1.242439633483661,0.4281259151157143
28.609,77.168,8.491594048738646,2,-1.8540591508017363,0.21071276223257604
28.609,77.172,8.302894121417484,2,-1.56248286783674,0.21498686042180382
28.609,77.173,6.682249519732321,6,-0.36330970594594597,0.7810212340263927
28.609,77.179,4.163864943312328,1,4.69784531926102,0.19365339933901454
28.609,77.18,6.246125214334304,13,0.0293820903381029,1.7940622905995836
28.609,77.181,5.8765646358485135,13,-0.23806497247047634,1.8904788493122195
28.609,77.182,7.6519035450129635,6,-0.9486645034792706,0.6934890072206659
28.609,77.183,6.320791517662743,10,0.09061517687677312,1.3659725148398474
28.609,77.204,8.713509807986805,3,-0.6997862569271435,0.30884819795346163
28.609,77.22,5.848951544748837,5,-0.18034137772886644,0.7300387464171144
28.609,77.221,6.210851268765318,1,6.331616312428749,0.13867988157398586
28.609,77.222,6.228845584940491,5,-1.0645190070561392,0.6916733718059024
28.609,77.228,11.666907691712257,1,0.19139746478879616,0.07894586621597338
28.609,77.23,5.898756134862776,1,7.385775553715112,0.14495366707434587
28.609,77.24,12.057135762073031,1,-2.5030091336157785,0.07658647487641913
28.609,77.241,4.591886803626289,9,0.39207858043256316,1.609474639966528
28.609,77.245,5.9358180050219005,5,2.12783916257907,0.7208955016379804
28.609,77.246,5.6041371699716915,15,-0.7004196573360699,2.2713035198910467
28.609,77.248,8.598667154853235,3,1.0236304929358113,0.31254339291087446
28.61,77.171,10.85009664419159,1,-4.637473211127387,0.08438749742097312
28.61,77.172,5.995543778499193,5,2.0435615139568433,0.7147407204236935
28.61,77.173,7.816305415665447,4,0.24745022308625542,0.45370479031868743
28.61,77.18,12.080023280299821,1,-4.40006911849557,0.07645246331527003
28.61,77.181,6.583235638152158,3,-3.747756696747396,0.3956094921944195
28.61,77.182,7.143432594623765,3,-2.5150383192785206,0.3683950183342315
28.61,77.183,5.585633756613819,7,-0.200960457317084,1.0629197217306596
28.61,77.184,3.2318951490366534,3,3.8502949099292993,0.7089022516739146
28.61,77.186,6.777284820252857,2,2.098340109070437,0.25715915595527533
28.61,77.187,5.936470270395858,6,0.4577578845372832,0.8649932553747666
28.61,77.188,4.770339653749248,1,-2.5442405743655607,0.17330002391631402
28.61,77.189,9.390701858863915,1,-1.9856424288363907,0.09623988962275323
28.61,77.201,5.585577071925428,11,-0.28726010619028086,1.6703167968215615
28.61,77.202,6.801572528197366,7,-0.31090570064960105,0.8972550052825596
28.61,77.203,4.320092337590903,4,1.1476727463016536,0.751866649331752
28.61,77.204,5.8894109198122235,6,3.151528077714468,0.8709017461486438
28.61,77.205,7.192005907403572,5,-1.6841536935089252,0.610351122364453
28.61,77.206,6.439688414881485,1,3.2447941191848555,0.13441423138094286
28.61,77.213,6.770876422697147,3,0.4901547053060149,0.38605684054344386
28.61,77.214,13.279483746095174,2,-6.738065272516549,0.14006108593014885
28.61,77.22,11.640760692549735,1,-4.3184444937741695,0.0791091631526087
28.61,77.228,4.0838286705638,1,4.976465911094356,0.19670214415174211
28.61,77.229,7.84000853148985,5,0.4854425461823132,0.5656103138576185
28.61,77.23,9.110981751958002,4,-3.2973453123200707,0.39560945693778904
28.61,77.24,9.554126628457253,1,-7.899790525333395,0.09474966856127012
28.61,77.241,6.07777975901435,10,0.47596178175367765,1.412872445948021
28.61,77.242,7.039228823998149,5,0.47421261953642874,0.6219502031182824
28.61,77.245,2.558024473236791,1,1.9164841468153493,0.28105484026934874
28.61,77.246,7.995353210862937,2,-2.223432022100984,0.2223370170261649
28.61,77.247,8.914700173707269,3,0.911867192629547,0.30258101076578
28.611,77.16,2.5630329490697017,1,3.623006337910323,0.2806597677579988
28.611,77.167,5.422927786111408,1,2.8933460730703056,0.15569223776146854
28.611,77.172,7.5805077892068224,7,-1.4969639830200678,0.8158025342981566
28.611,77.173,5.764494211120988,4,0.003957491811370284,0.5913228506314494
28.611,77.174,6.061895811759773,2,-1.8832312473819082,0.283210068983107
28.611,77.182,6.90902790804937,3,1.9856302747248622,0.37931336630469675
28.611,77.183,6.64820313739628,6,-0.23875757491976288,0.784497991516817
28.611,77.185,5.633461469087097,5,0.76938157541074,0.7537542839889451
28.611,77.186,6.287101153958362,9,-1.0530518719403892,1.2350590186484771
28.611,77.187,5.747130584136951,8,0.4858927109914115,1.1856892200676605
28.611,77.188,8.13945848390687,9,-0.7778993294631485,0.9847410561410795
28.611,77.189,5.492700511971248,4,1.8548557008193467,0.6160764681236715
28.611,77.19,6.7508794767513685,9,1.3440225508549366,1.1611585532964803
28.611,77.191,8.462090805737363,3,-0.22371457264854833,0.31705466176470665
28.611,77.198,4.351421921399047,1,4.883734445778864,0.1868662226017427
28.611,77.199,4.912150833884907,5,0.04557404686381048,0.8457159061881498
28.611,77.2,5.774903485441157,6,0.9901248068794422,0.8856214723787024
28.611,77.201,7.152155947119899,5,-0.81222163672213,0.6133346850125537
28.611,77.202,5.754544345672038,7,0.3458270286591053,1.0363393356778001
28.611,77.203,5.468926379905871,15,-0.13956916996101582,2.3187773548627497
28.611,77.204,6.879056554506849,18,-1.5182198647554908,2.2845374792625313
28.611,77.205,5.986423796062185,9,1.5252853589258848,1.2882127197998987
28.611,77.206,5.054389201053927,9,-1.0443243832259297,1.486524850175359
28.611,77.212,4.69282047037888,1,-0.12278320506488072,0.17565985177351745
28.611,77.213,4.918819565493779,7,1.082855322024415,1.1826682537865172
28.611,77.214,4.573384970354409,4,3.9293017749224597,0.717696699811074
28.611,77.219,7.322316198775566,1,-3.8371047574382633,0.12015885675518152
28.611,77.22,3.4852114413373023,1,7.6175775121628515,0.22295492934483416
28.611,77.228,6.008188415910506,4,-2.0994659450681263,0.5707609103258277
28.611,77.229,5.148100459673139,8,1.601457587758853,1.3012149122275918
28.611,77.23,7.077537654520327,2,-1.8713333161276569,0.247600207580681
28.611,77.231,7.2430157683882745,3,2.383229386503291,0.3639444693900638
28.611,77.232,6.799833959915551,5,-0.9090567414694306,0.641039286950941
28.611,77.233,4.711561697202898,7,0.18163084500844892,1.2255842396709264
28.611,77.234,7.615489274370386,1,-2.946757537252928,0.11607001856236183
28.611,77.241,4.772207151391104,8,1.5783954462772267,1.3859516455628238
28.611,77.242,11.690455352982681,2,-7.787928278142413,0.15759875783574095
28.611,77.243,5.85887900298419,1,1.1019061838877846,0.14579641943893687
28.611,77.244,4.883357445044631,3,1.0862953845122734,0.5099129243841554
28.611,77.245,8.583499829885518,2,-0.35111662983334835,0.20869202645187415
28.611,77.246,5.653827164508513,3,0.33912375538596223,0.450868338751266
28.611,77.247,15.018446926286721,1,-5.973201157694858,0.062428024676909964
28.612,77.158,4.0091974204247025,3,0.9266900861541522,0.5988983360423528
28.612,77.16,12.828809906135188,2,-5.4446372314553075,0.1446256050647348
28.612,77.161,7.649881837741691,2,6.57130735440578,0.23121703134411364
28.612,77.164,7.456652771569704,4,-2.023508586342018,0.47300038301768055
28.612,77.165,6.955913592470433,6,0.12259952988434068,0.7541560036145274
28.612,77.166,7.513265823922284,4,0.5187376028423598,0.4698549396589963
28.612,77.167,6.652982183014508,9,0.1409105939206288,1.176012145954703
28.612,77.168,10.095936404629905,1,-3.3379563866772832,0.09012308322015425
28.612,77.169,3.9645912156491256,2,0.7600246521670706,0.40285290633712284
28.612,77.172,2.86542851854638,2,1.0778571177595122,0.5174070585975066
28.612,77.173,6.306906740829843,5,1.1961366026928923,0.6842840859129606
28.612,77.174,5.250987243936117,6,3.0737240210893972,0.9598483832806424
28.612,77.175,9.828892721019562,1,-2.178758375558183,0.09234554499362037
28.612,77.176,5.6024220445105,3,0.08999402944297419,0.45437870826423643
28.612,77.177,6.800641857695993,3,2.1486447229343226,0.38458373743184304
28.612,77.181,5.289766019660183,5,1.2033989203551214,0.794942130497588
28.612,77.182,4.8221334848673285,6,1.5365955865229999,1.0305500579117561
28.612,77.183,5.920503842229333,6,0.00518523501418026,0.8669888980319088
28.612,77.185,7.678851282500011,2,-0.11803255653909916,0.23044524383460624
28.612,77.186,5.647544802971932,3,-0.12156943766246216,0.4512944386111972
28.612,77.187,6.212697356523374,6,-0.006314339497681824,0.8318663189955454
28.612,77.188,7.406583985399142,13,-2.048377247805333,1.546406961802662
28.612,77.189,6.157504398583981,8,0.22445479893531828,1.1177080102923438
28.612,77.19,6.275719626149999,4,-2.0169888287942648,0.549773796343583
28.612,77.191,5.03656285820711,3,2.129711205739168,0.4969715499477157
28.612,77.198,9.277118688611553,2,-2.79427761638446,0.19460707427815077
28.612,77.199,5.1345828547836945,16,0.7718806236014143,2.608164300450085
28.612,77.2,8.64014008980746,5,-2.5662951567770476,0.5186646618638364
28.612,77.201,7.07308713942732,12,1.4297727811653864,1.4864202247235059
28.612,77.202,7.211081117909419,21,-0.7079113674347941,2.5575194908495438
28.612,77.203,7.069136445244183,28,0.2674974494350371,3.470011963486222
28.612,77.204,6.434762187112214,23,-0.11741430951911762,3.093575748780417
28.612,77.205,4.048266557394268,8,1.2035788776692415,1.584702374378842
28.612,77.206,10.01481882422978,1,0.8989275337933549,0.09078678605228224
28.612,77.211,3.263550305496115,2,0.6863207777413889,0.46909262391528794
28.612,77.212,5.939292552122642,5,-0.06121955254593612,0.7205345447599789
28.612,77.213,4.955608388013211,10,-0.7218939375287522,1.6790895822040437
28.612,77.22,4.820220495870413,3,1.6173646049904484,0.5154443894571644
28.612,77.221,7.267852173696856,3,-2.380628767300843,0.36285119000362964
28.612,77.227,6.844967342212766,3,1.603535536589524,0.3824107697501025
28.612,77.228,8.80244694673398,3,-2.3887076480984897,0.3060460328224018
28.612,77.229,5.739717012179997,4,0.2148128114666762,0.5934967288346398
28.612,77.23,6.975981073444845,10,0.7020171165478125,1.2537642589566698
28.612,77.231,7.138843923863301,9,-0.6548144998226729,1.1058081570543166
28.612,77.232,5.9419348237965215,10,-0.34431427627193767,1.4405205830686598
28.612,77.233,5.557057235962505,4,-1.7130762947157463,0.6100297520756418
28.612,77.234,2.876072517214967,3,3.1883637748104476,0.7739793274444612
28.612,77.241,5.157795776900351,4,2.14509915164402,0.6495830886443394
28.612,77.242,8.849004860353945,4,-1.6284808154839612,0.4061324018735687
28.612,77.243,5.520564082514756,4,-0.6962597220060015,0.6134438599761968
28.612,77.244,2.585838515361759,3,2.958448972160159,0.8366244010007639
28.612,77.245,5.846607910797258,17,-0.5792056861947742,2.4829813860365233
28.612,77.246,8.859845529380415,7,-1.1201052025353564,0.7099502704318609
28.612,77.247,7.570049419115763,11,-1.1373630030455746,1.2835398563121652
28.612,77.249,11.600839741213953,1,3.097173498570097,0.07935979034232689
28.613,77.158,8.021737395331723,2,0.3212993325582634,0.2216867896237919
28.613,77.159,5.583799260723531,5,-0.08047126585817957,0.7594399224514816
28.613,77.16,6.575514198815862,5,-0.9521967088079448,0.6600212036803464
28.613,77.161,7.626180915950593,7,-0.19684376066249762,0.8114830964252515
28.613,77.162,3.480717992854361,1,0.2176634624173155,0.22317851772746092
28.613,77.164,7.161949442273084,3,5.425293539236105,0.367559248096066
28.613,77.165,5.0259595907517225,16,-0.013969253600836506,2.6551787742745288
28.613,77.166,7.347403663825521,18,-0.9711944150532028,2.156359117746416
28.613,77.167,6.13124818769571,36,0.30982038029675163,5.048204613340281
28.613,77.168,5.35594785539222,18,-0.5351556829323911,2.8319930259857737
28.613,77.169,8.169659011626793,2,-1.8632857342222637,0.21811061866794315
28.613,77.17,4.472858102750688,1,7.799665953438257,0.18271988442334994
28.613,77.172,6.090665534966642,8,-0.13237627955668008,1.1282438807117752
28.613,77.173,6.035601879461473,5,-1.042464072033289,0.7106712525329412
28.613,77.174,14.021906287154428,1,-8.4316222969826,0.06656944737134478
28.613,77.175,7.735282707968975,5,0.13602255546326117,0.5723913200243226
28.613,77.178,14.366050602593269,1,-10.147590486953693,0.06507853096821338
28.613,77.179,1.9181875889135809,2,0.9259924076504775,0.6853569001520512
28.613,77.18,7.550025567755767,3,-1.988244796267872,0.35087614372917575
28.613,77.182,5.3850107582879705,4,0.9218800121963151,0.6264672294886674
28.613,77.183,9.13749098366186,5,-1.8978497603828193,0.4932186877461372
28.613,77.187,6.101870399541607,16,0.5586810131102216,2.252927623268474
28.613,77.188,5.790641963824257,20,0.09576292936728106,2.945229641990532
28.613,77.189,6.570121022349412,3,2.9130193528197417,0.39629485329799125
28.613,77.197,6.345686304679258,2,0.5764569805632216,0.272268637271644
28.613,77.198,4.541949152051186,4,0.07947757332385175,0.7217677193085614
28.613,77.199,6.338313307073062,14,1.1061590254368892,1.9077953494444078
28.613,77.2,4.323018236750829,22,-0.12342033459425417,4.132993542668905
28.613,77.201,5.0745572126235095,9,0.2571489746956773,1.4815894698130658
28.613,77.202,12.66121564700634,4,-0.44990173731690164,0.29279971148662326
28.613,77.203,7.267034003085878,14,-0.8870752525563564,1.6934731361663866
28.613,77.204,6.3632430946889045,10,2.3198088883366657,1.358097223112596
28.613,77.205,7.724318946988354,19,-1.7840363270045458,2.1778204253477944
28.613,77.206,5.315813559529579,14,1.4878624864175154,2.2166582132362316
28.613,77.207,16.730690920756878,1,-3.852037987543678,0.05639938141549379
28.613,77.21,5.987418601325796,1,2.832156383411755,0.14311436841786743
28.613,77.211,4.089645515295827,4,1.9150688543725862,0.7859093502639558
28.613,77.212,7.496351438421057,1,-1.1458072846237686,0.11769757963140916
28.613,77.221,5.880118246635562,2,-1.6846761300053412,0.2906926782803504
28.613,77.222,5.443644206558288,1,5.954543362590517,0.15519168469640335
28.613,77.227,5.043031663229541,13,0.28498930833021296,2.151238107703789
28.613,77.228,6.933569864307412,2,-1.3943256252206073,0.25209332421686526
28.613,77.229,5.555929388816183,6,2.350684119230369,0.9152020475137289
28.613,77.23,8.145014610509806,6,-3.4924660996784405,0.6560951792361892
28.613,77.231,5.9077188650001915,7,2.602080130033199,1.0133591329935814
28.613,77.232,7.836170791783047,4,0.06781238887278551,0.4526847765006636
28.613,77.234,4.88584507461897,1,4.23542919427066,0.16989913722197938
28.613,77.235,4.8103350253397394,4,1.574915541202345,0.6884284611051518
28.613,77.238,2.968586342595848,1,8.927104519107207,0.25197889466754075
28.613,77.242,8.266250627935387,1,-1.5693178823239338,0.10791851420306446
28.613,77.243,4.728599298879153,2,1.0604078004737858,0.3491254835001841
28.613,77.244,6.427734099521345,6,-1.2125003610422875,0.8077833589097716
28.613,77.245,5.229409055766708,12,1.665147021188525,1.9263464467614826
28.613,77.246,6.6512147030413455,19,-0.00707727175634586,2.4832658260717126
28.613,77.247,6.344296764119959,20,1.1522583808576534,2.723201504834143
28.613,77.248,4.587722899554655,11,0.42691593875204975,1.9686015569735404
28.613,77.249,5.455271081749214,6,1.7684100001071243,0.9294729723998132
28.613,77.25,7.653984932234,3,-1.4631369596438286,0.3466611073964002
28.614,77.158,6.185389660313587,3,-2.0394482112538537,0.4175138916361946
28.614,77.159,5.195280027606976,2,0.13446697228577342,0.3228264083443749
28.614,77.16,9.37065213331877,1,-1.7618382439066984,0.09642595153560363
28.614,77.161,5.105081946681991,5,1.2411702984112543,0.8189898257987209
28.614,77.162,6.737758504053713,6,0.1599353189378787,0.7754183587994736
28.614,77.163,6.979590193011811,2,-0.07977462308641581,0.25063943781868847
28.614,77.164,8.231516917759544,6,-0.7096999781688119,0.649947354638676
28.614,77.165,5.930777329356903,19,-0.40006078704883397,2.7413952428569774
28.614,77.166,7.746819964422879,12,2.1692023291714304,1.3719271745399149
28.614,77.167,6.82415581884472,15,-0.23309390604401894,1.917139733320755
28.614,77.168,7.055111742804974,12,0.15974082239917217,1.4897372479927045
28.614,77.169,4.9735843205677535,18,1.3626669704863994,3.0132662458658
28.614,77.17,8.736176475963337,8,-2.2160528165063265,0.8216777930998265
28.614,77.173,6.132476557893474,5,0.5941054880554898,0.7010187778979136
28.614,77.174,6.250108978918455,2,-1.4383452866930138,0.27585792238647877
28.614,77.175,8.279039294296362,3,1.0175714820059376,0.32330933244824595
28.614,77.177,5.381935459697177,4,1.4290448117156327,0.6267691087226696
28.614,77.178,7.123173248996409,1,0.5834232057717861,0.12310460079422124
28.614,77.179,5.572251610432883,1,-0.22691241961374953,0.15215485639846565
28.614,77.18,8.03858625855686,1,6.581591106940527,0.11063677121555339
28.614,77.181,7.474900521837405,3,-3.144746386887752,0.35398645592002576
28.614,77.182,5.354911050252398,5,1.4143543875048283,0.7867930739646489
28.614,77.183,4.449907378401473,2,0.09898225036644792,0.36697871378992597
28.614,77.186,5.455964242793618,5,1.264334919020369,0.7744776476389537
28.614,77.187,6.63336568959565,12,1.1612541716916247,1.5720457381409243
28.614,77.188,6.375559388087659,17,-0.5250258816527936,2.3049099201149237
28.614,77.189,12.645032046632979,1,-5.7459641183348715,0.07328674616390937
28.614,77.197,4.867206217775222,6,1.4488946120012283,1.0226332222348802
28.614,77.198,10.814412592926837,3,-5.887667931698126,0.2539271399575183
28.614,77.199,6.43130037049331,12,0.9030072620089933,1.614791409542151
28.614,77.2,4.38613298886444,1,4.370719274142526,0.18566195860136575
28.614,77.201,7.427619380127718,4,-2.5158754518924997,0.47462988295745523
28.614,77.203,9.0833783219711,8,-1.8708544310771957,0.7933848899201235
28.614,77.204,5.411885773750581,25,1.1812450552857745,3.8990089471566574
28.614,77.205,4.914512390937191,24,0.04683011180162674,4.057815490719946
28.614,77.206,5.422858003997903,13,0.38208882442571135,2.024021080943742
28.614,77.207,9.764406489842974,1,1.2592979716247665,0.09289875860258297
28.614,77.21,8.339509695694225,1,-2.3392381840703074,0.10707200191258733
28.614,77.211,7.376786406673947,4,-1.433803811602142,0.4775100863038746
28.614,77.216,9.361767266537546,1,-0.023539104127387134,0.09650863354453208
28.614,77.217,5.404276551037706,1,3.7628825565421637,0.15614566173566735
28.614,77.218,4.882999528344245,2,-1.5320420100778551,0.33996263136925575
28.614,77.221,5.331056559970366,5,-1.8945932224503172,0.7897575945875618
28.614,77.226,4.7694775353659,4,-0.8159229770597565,0.69330367879599
28.614,77.227,5.7084735861918565,10,1.1986525335236782,1.4906520643657504
28.614,77.228,5.063058916425589,14,-0.7044173769185581,2.309065472227598
28.614,77.229,13.584865160269143,1,-8.527335205667109,0.06856422661514318
28.614,77.234,7.641341865827026,3,-0.852007384204914,0.3471683040181263
28.614,77.235,8.409424415561068,1,-4.307004294730974,0.10627642625474788
28.614,77.238,5.636215176165564,6,0.6158873335204772,0.9041298150713112
28.614,77.239,4.84892559961904,5,-1.129542226827287,0.8548578563429952
28.614,77.243,6.588037749545637,2,-2.0258862527704,0.2635727530638284
28.614,77.244,6.062085487989865,9,-1.1288040542019053,1.2744110808777165
28.614,77.245,7.981660079240451,3,-2.9668924936403323,0.3340139766515969
28.614,77.246,7.252773343888629,10,-1.1863482098875249,1.2117138788750612
28.614,77.247,6.271013925016886,20,0.2438904509004059,2.7506480122651604
28.614,77.248,7.801337808937528,12,-0.901971584965958,1.3634290900429151
28.614,77.249,16.82145369837377,1,-11.06323185278334,0.056112145334768694
28.614,77.25,5.096168241402704,1,3.7223724896154176,0.16403746753713347
28.615,77.158,9.395631549161132,2,1.46133750236613,0.1923885038193171
28.615,77.159,6.458745239838339,5,2.4512323625865617,0.6703540393488986
28.615,77.16,6.461683393428762,9,-0.41896033895448936,1.2061621386838763
28.615,77.162,5.676705850111254,8,0.6006996111472803,1.1981956640888554
28.615,77.163,6.68244575338225,15,0.2031623135940384,1.9525032107641171
28.615,77.164,6.174346784074302,6,1.0709093849207858,0.8363130721975789
28.615,77.165,7.322430203983956,24,-1.6015287557119604,2.8837730580799796
28.615,77.166,6.116376238412846,25,1.2783884084729669,3.5130239271294785
28.615,77.167,6.570282219315294,21,-0.402845055352546,2.7740049038620094
28.615,77.168,5.264957093239909,29,0.3198887371519343,4.6289223642556045
28.615,77.169,6.246097499147502,29,-0.547580504622609,4.002154263506919
28.615,77.17,5.767655839119782,5,0.5871626631744263,0.7388082548610084
28.615,77.171,7.01224266916458,1,-1.2032773876643548,0.12480900058713124
28.615,77.172,10.181952530888054,2,-2.831624964723032,0.17885963962692328
28.615,77.173,5.205287634810771,13,0.022388225689900773,2.094987495353458
28.615,77.174,6.205145362026648,14,-0.08375522166406732,1.9430558714032815
28.615,77.175,9.038981112371197,2,-5.723272781577326,0.1992234050062479
28.615,77.178,4.519868449977632,13,0.1859498943499485,2.3551285900758523
28.615,77.179,6.465617230077234,15,-1.984290072832149,2.009210965111966
28.615,77.18,6.375330506996564,5,1.376430376476123,0.6779357203391467
28.615,77.181,6.323067629288371,9,0.9283007790237454,1.2289931563658913
28.615,77.182,7.650533678697937,19,-1.5003325014410882,2.196396280935565
28.615,77.183,6.366613259489761,11,0.6497214929842863,1.493223495319191
28.615,77.184,4.88443486688952,10,-0.36138466020634197,1.6993985363433797
28.615,77.185,6.204957269939825,11,-0.3832966925989666,1.5267266116752238
28.615,77.186,5.258323100377457,24,0.20514566924270317,3.8348930879827043
28.615,77.187,5.1434265688305265,11,-0.30387218793920373,1.7905316970515983
28.615,77.188,5.033739192090455,6,0.22055425473311333,0.9944082448683425
28.615,77.192,6.362003920535356,2,1.30073109364906,0.2716651636684489
28.615,77.197,11.87324615431719,2,-5.080540633549835,0.15536096925554999
28.615,77.198,5.592018133307594,9,0.8276325369366808,1.3652875064960088
28.615,77.199,6.866058011735108,8,-0.8431591650111053,1.017027841399729
28.615,77.2,5.982868193238519,7,0.571900447294593,1.0024534054327519
28.615,77.203,10.448850137240067,3,-1.0867884083661752,0.26203504841432046
28.615,77.204,5.908589464284956,20,-0.4488830561957501,2.8949469502266933
28.615,77.205,4.670182138178632,15,-0.025428503778432532,2.645417666392332
28.615,77.206,7.294198900585406,6,-1.0606716081901777,0.7233971685410774
28.615,77.207,6.998295275709904,5,0.5248504946976039,0.6251332099709479
28.615,77.208,5.855214248217575,8,-0.24659664677339854,1.1669948903610243
28.615,77.209,4.838136087451549,6,0.38641990153909056,1.0277252722656398
28.615,77.21,10.141164079703291,1,-3.4633784143351463,0.08975722759722894
28.615,77.215,12.203023214763379,1,-6.779454524918437,0.07574022886529642
28.615,77.216,5.953026053017125,12,2.050811073294177,1.725867256716641
28.615,77.217,5.841538875267398,9,-1.1940716353599514,1.3154935116331177
28.615,77.218,6.406874543146571,4,0.5805005669467365,0.5400388485992541
28.615,77.227,3.5049094249415154,2,0.851905104680537,0.44396009138984294
28.615,77.228,5.303431770597745,2,-0.09534268926598077,0.3172874828801935
28.615,77.237,6.4833261322381315,2,-3.825295573784237,0.26726083624553126
28.615,77.238,9.571215841787435,6,-2.0278247019175897,0.5675789890016558
28.615,77.243,5.524470140699382,3,0.7444469508064535,0.4598074533725154
28.615,77.244,5.748987930430049,11,0.4968256202274828,1.6298740067977977
28.615,77.245,6.171104683390318,9,1.1222126884833017,1.2550367617482647
28.615,77.246,5.48704830936984,1,-1.64743383161554,0.15415331477578303
28.615,77.247,12.625694399596139,2,-5.175987588103826,0.1467815100901778
28.615,77.248,5.842820059771388,6,1.8089527765814288,0.8768314740984806
28.615,77.249,5.533091070251306,1,0.28121579063408664,0.1530669003763839
28.616,77.158,13.168771834052933,1,-8.414849642298805,0.07057774743726346
28.616,77.159,5.304264737851744,10,0.9602767642053788,1.5862278022619372
28.616,77.16,14.725189671139509,1,-6.927748661340505,0.0635922377353135
28.616,77.162,7.303642368167433,4,-0.51392568024586,0.48171631467827497
28.616,77.163,7.866948956086162,8,-1.2917480520847389,0.9022269147618022
28.616,77.164,4.8402357573525485,4,3.1609258529959754,0.6849038576848907
28.616,77.165,5.759653028757505,27,0.3330026675012792,3.9942878554763457
28.616,77.166,6.65436398155096,13,-0.23785335991487366,1.698377557081612
28.616,77.167,6.328784455846638,10,0.09190938111173699,1.3644827543020948
28.616,77.168,6.392968526351605,15,-0.027329580358292915,2.0289549382678667
28.616,77.169,5.6316047189694425,12,0.8718014433096073,1.8095167773909195
28.616,77.17,7.956851105522797,4,0.14733589216311738,0.4465855190484967
28.616,77.171,6.216003315747436,2,0.19930340009687608,0.27716173517207415
28.616,77.172,4.985378145581987,1,3.257187257699914,0.1670738215158777
28.616,77.173,5.9971207696723265,15,-0.08131765876765289,2.1437389025804174
28.616,77.174,7.032320535575691,5,1.4854504019526422,0.6224851184479829
28.616,77.175,6.114775690581024,7,0.7414832327879252,0.983867981848961
28.616,77.177,9.9954496861381,2,-2.516490888434765,0.18189342474290873
28.616,77.178,6.811333638965402,12,-0.5737487056857679,1.5362293501509405
28.616,77.179,5.657397391337007,18,1.3104087892408829,2.7037592833834205
28.616,77.18,6.92543011340911,13,0.35868828612044107,1.640289525486469
28.616,77.181,5.479168909951399,20,0.18591796342144146,3.0868156515076905
28.616,77.182,6.1790887714396945,30,0.31510200041813324,4.178803321021451
28.616,77.183,6.644577592947485,29,-0.7669801713166974,3.7935385765138925
28.616,77.184,5.681665344060763,8,2.271828813301594,1.1973062983633393
28.616,77.185,5.4309984816085946,8,0.06610781952043482,1.2439747922314777
28.616,77.186,7.121715773016107,13,-1.1487549590424708,1.6006470016091536
28.616,77.187,9.910398998544668,2,-1.0041132188254762,0.18331135279899285
28.616,77.188,4.943461478616685,3,-0.7811509696919311,0.5047563630711437
28.616,77.191,3.08012225694857,1,2.861551057790391,0.24509069508811165
28.616,77.192,7.425316262477395,5,-1.690327550863507,0.5934495328404196
28.616,77.193,5.5632316685221355,3,-0.37418701909685836,0.4570918948950525
28.616,77.198,5.820085569807066,9,-0.8772136540047824,1.3196315365665714
28.616,77.199,5.699030990155684,14,0.7044804440182427,2.0898544909813355
28.616,77.2,7.5972539099292105,15,-0.2697190284565298,1.7447431653351633
28.616,77.203,15.029231493392155,1,-7.916474130271082,0.06238602271183352
28.616,77.204,6.202359235184554,2,0.7825856538863274,0.27768678771668515
28.616,77.205,5.90306461741225,4,2.355106985387463,0.5794527824512062
28.616,77.206,6.658530753853253,5,0.882763229951177,0.6528667391567683
28.616,77.207,8.570864637983927,4,-0.4125312197278268,0.41793507183511763
28.616,77.208,4.83666016547771,3,-0.2531866608413029,0.5139925770810164
28.616,77.209,5.689175636035469,1,-1.468599399920329,0.14949525239147085
28.616,77.214,3.3472932650906784,1,-0.8715626754430135,0.2300281897313273
28.616,77.215,5.604424287034136,6,-0.08448857996778021,0.9084819114028233
28.616,77.216,6.038640388986877,18,-1.0403599530598042,2.5573120667116322
28.616,77.217,5.591788162338429,9,0.18833616824013552,1.3653351379555347
28.616,77.218,4.918503596595035,2,1.4079501147922762,0.3379232549846919
28.616,77.22,6.7547204504064275,3,-0.7274598913507958,0.386861140796219
28.616,77.235,5.155030011210132,4,0.8487128293630541,0.6498749791170498
28.616,77.237,9.369659444211539,2,-5.849948681656141,0.1928703648138052
28.616,77.238,6.338282207521793,16,1.590273657327169,2.180346782466322
28.616,77.239,5.021523027921587,6,-0.41325690567471424,0.9964256504838086
28.616,77.24,8.441496872538545,1,-0.858736690625931,0.10591540870056222
28.616,77.241,5.998982257619842,1,-0.09784270163134234,0.14287791613006204
28.616,77.244,7.245839470507748,4,-1.2485097142475954,0.48509312051325876
28.616,77.245,6.309020934492492,17,0.6593677535207005,2.325892914025483
28.616,77.246,7.860531060797853,8,-0.1520091569350427,0.9028804193684112
28.616,77.247,8.802813751057448,6,0.3938554701552392,0.6120691622191403
28.616,77.248,6.851735800760265,4,-0.43349819630821673,0.5094414918561944
28.616,77.249,4.276946052851497,2,1.3752607682089668,0.37900709614404005
28.617,77.159,4.7539221917541274,1,-3.4546369485526633,0.17379449472450068
28.617,77.161,6.032203340475683,2,6.898514283788293,0.2844058829312397
28.617,77.162,11.124899874879114,1,-2.9420424062380715,0.08247490786062842
28.617,77.163,4.096124481918478,4,-0.427879594870183,0.7849101830601608
28.617,77.164,6.2342048052181696,10,0.16930985088640113,1.3823219371376947
28.617,77.165,6.427424494577625,17,-0.8688972027255387,2.2888149199511636
28.617,77.166,6.476521647399361,10,-0.17672228266233708,1.3375203699809266
28.617,77.167,6.434910170481753,9,0.9754282991527872,1.2105055466213972
28.617,77.168,7.292092450365969,7,-1.3524214389113678,0.8441777563262766
28.617,77.169,8.354965917255845,11,-0.5750205835739283,1.1758460797499841
28.617,77.17,9.436904909104324,5,-0.6868570261732299,0.47906923015446834
28.617,77.171,6.4470284119025765,7,0.2361017283127283,0.9399722429972079
28.617,77.172,11.586364944826743,2,-2.5298999536124716,0.15890211421384548
28.617,77.173,6.43830168125802,5,2.005706883795927,0.6721964521280835
28.617,77.174,7.245501058144047,9,-0.00852225115675509,1.0915043169039118
28.617,77.175,9.245075454392078,4,-2.9767831389018395,0.39043148269690825
28.617,77.176,5.278381339776246,14,0.019927325099594512,2.2298741096377785
28.617,77.177,5.28065903424598,14,0.1036910884860596,2.229065441009211
28.617,77.178,6.4334855308317715,18,-0.7182844180366912,2.4214750839752943
28.617,77.179,5.623902759549671,39,0.12167794757374328,5.887767591964383
28.617,77.18,6.962946633009232,26,-0.08910397928675724,3.265122974982753
28.617,77.181,6.42950880311283,25,-0.4081010174960419,3.3649600077902124
28.617,77.182,5.702832848760148,25,1.707439084094395,3.7297662889839716
28.617,77.183,8.187894532254905,31,-0.7494450763293127,3.374004772385207
28.617,77.184,6.404202978839883,27,-0.7705237974879654,3.6465775016111803
28.617,77.185,5.13295627726273,3,2.1822194708263982,0.48916050667476213
28.617,77.186,4.2619513016962856,1,0.4360636564348992,0.19004356799684402
28.617,77.192,6.719960896382479,6,-0.10496421839001613,0.7772060092702748
28.617,77.193,7.5321575690380955,14,-0.18026006073099085,1.640851084467061
28.617,77.194,14.964956899360242,1,-9.967487996706373,0.06263718757925821
28.617,77.198,7.663203205574279,5,-0.26929719531228713,0.5771537249389215
28.617,77.199,6.984376808405508,13,-0.6190306790750021,1.628179670367551
28.617,77.2,6.459548083402235,24,-0.40339278360128167,3.2173530797932477
28.617,77.201,5.655539390363604,9,-0.26112492750752087,1.3522570406586256
28.617,77.214,11.607942741266033,1,-0.34894214893713205,0.07931508101849014
28.617,77.215,4.107648895394258,13,0.5291224160651488,2.5452023555735295
28.617,77.216,4.916848810261566,10,0.17948015548241553,1.6900888159685679
28.617,77.217,7.951251683199717,3,0.9123980383537805,0.33514865922389286
28.617,77.218,7.0417597755169234,11,-1.6459664938801133,1.3678598101735664
28.617,77.219,5.231268365658688,12,0.790159825658011,1.925771656077842
28.617,77.22,5.635404310197304,19,0.29457660164928273,2.863427624267109
28.617,77.221,8.219662514224268,1,-5.9384718380132835,0.10846384002203782
28.617,77.232,4.32758907372894,1,-1.8081316926547335,0.18770216436758136
28.617,77.233,4.5794246960705545,4,0.8912389503174206,0.7169197933287096
28.617,77.234,7.092460155575106,2,-0.49772411055760024,0.2471436326593648
28.617,77.235,5.681899908195472,9,1.5492137111792958,1.3469223010900442
28.617,77.236,6.5161334002552715,12,0.24085035112895023,1.596565595761305
28.617,77.237,6.440161033533814,4,-0.4497837442648427,0.5376227721377882
28.617,77.238,5.651279586281202,26,0.15598542341817578,3.90902226597527
28.617,77.239,6.193635546135547,9,-1.1658476962787732,1.2511059174849135
28.617,77.24,6.779763648339841,2,-1.358100047868371,0.25707721858964044
28.617,77.241,5.586712510373351,5,-0.12280440010159346,0.7591040283184589
28.617,77.242,7.815190118760825,1,,0.11344054824997611
28.617,77.244,7.40897779575032,1,-2.5291979859135614,0.11892051855641408
28.617,77.245,5.849441370982443,17,-0.22911784308490127,2.481954232358313
28.617,77.246,8.304093358958433,19,-1.5705130734718975,2.042111925038443
28.617,77.247,6.005095680960652,17,0.45084669245633024,2.4268048252652394
28.617,77.248,5.922868398728014,8,1.1913765018517843,1.1555903621495816
28.617,77.249,5.00314195681754,2,-0.7027164447491114,0.33315887153537593
28.618,77.159,9.618066347422639,1,-1.8457133391254255,0.0941791063721064
28.618,77.16,7.772353008297213,1,4.87126500676121,0.11399450056947816
28.618,77.161,8.187900287216927,5,-4.0162341364416205,0.5441939772633876
28.618,77.162,5.81801334094113,1,0.5648469280845001,0.14667029088886532
28.618,77.163,7.484795789882278,6,-2.1730185740581125,0.7071472488654023
28.618,77.164,5.9847095192294475,21,0.5446511437299312,3.00656740873552
28.618,77.165,5.420794396661209,14,1.5292652470800603,2.1804155584361884
28.618,77.166,5.546392297597464,5,1.4729203810263278,0.763779463970561
28.618,77.167,6.153531062847785,4,-0.8207729733024156,0.5591644133306691
28.618,77.168,6.229367369269077,25,-0.22608938462585634,3.458117249134569
28.618,77.169,5.9317273826219825,19,-0.5665006082049161,2.7410195108990414
28.618,77.17,3.388557090230114,7,3.236110199721597,1.5950572947047967
28.618,77.171,4.494092335885265,13,0.9402088082384756,2.3661779244387793
28.618,77.172,5.954342912840491,11,-0.2484411927741368,1.5817454125952881
28.618,77.173,7.554397373165094,6,-2.0223851119369525,0.7013936503372911
28.618,77.174,6.938192353590979,8,-1.316051612785166,1.0077861109501915
28.618,77.175,6.558068255204947,2,5.8559056947596355,0.2646178801868689
28.618,77.176,4.2228232210066405,6,1.7801098671971605,1.148803960254195
28.618,77.178,6.546167603780244,9,0.9601992697907169,1.192658376086354
28.618,77.179,6.000255599042464,16,0.256783724693244,2.285630827849854
28.618,77.18,7.023745243701554,45,-0.4098981898154285,5.608353534818906
28.618,77.181,6.422961253125809,23,0.4653969873182117,3.0984938780752356
28.618,77.182,5.430281121186545,14,0.07094417035658937,2.1771987470147582
28.618,77.183,5.578357617253512,32,0.1697121111282257,4.864436058640441
28.618,77.184,5.386914149403219,28,-0.022932110234624332,4.383963733505995
28.618,77.185,4.916647086478062,9,0.8684034747881595,1.5211317944868892
28.618,77.186,14.808723449009266,1,-9.117888499408366,0.06325621440753776
28.618,77.191,5.091065627150422,3,-0.8994788633884706,0.4925246555590779
28.618,77.192,4.4004878574093205,14,1.885763892931118,2.5923583886578667
28.618,77.193,7.086779950933781,17,-0.17537856471429628,2.102196437042535
28.618,77.194,7.153632737675114,13,-0.9471250633156931,1.5943813534710118
28.618,77.195,6.879344471239375,1,6.300322452200644,0.1269141111484755
28.618,77.196,9.580509090356038,1,2.8962269736714408,0.09451341059869073
28.618,77.197,10.615780659657762,1,5.18475764412049,0.08608977986929922
28.618,77.198,6.973745275283881,6,0.556682165983172,0.7524694848979093
28.618,77.199,5.75210916174577,13,0.8922677045635268,1.9253243229022126
28.618,77.2,4.931476419344166,9,0.7459208166491293,1.5173288004060068
28.618,77.201,4.9291752658318035,5,1.6310073705686157,0.8432876033895669
28.618,77.202,4.087997733210899,5,-0.07564889546611475,0.9827048403271662
28.618,77.203,5.934292930711002,6,-0.3152932440468906,0.8652648597273486
28.618,77.204,8.273438851817787,4,-1.609696342998306,0.4313394484955187
28.618,77.214,7.3779691611240334,2,-3.2636488009426157,0.23872133706107712
28.618,77.215,6.1020329400959294,23,-0.17295275654584222,3.2385093386639983
28.618,77.216,5.772053693197066,9,0.4005474365942252,1.3289912348215787
28.618,77.217,7.377248914013909,14,-0.561892180559087,1.6711930305162659
28.618,77.218,5.868228096199584,24,0.20154389072005033,3.49435104132316
28.618,77.219,5.287897039373315,24,0.057604979827530434,3.8168563908915347
28.618,77.22,5.515125232908253,17,0.773475198292036,2.6093128515983195
28.618,77.221,7.045659217227623,2,-0.6855687964822061,0.24858124685638386
28.618,77.231,4.029917568193323,2,3.6626037374372067,0.39762083033865153
28.618,77.232,7.222098971656726,4,-0.9478987991767025,0.48649377899595064
28.618,77.233,8.483605101035057,4,-1.9408464257398583,0.42178053149465633
28.618,77.234,5.780483677871584,19,1.076703953822707,2.802159978941821
28.618,77.235,6.317989616790041,24,-0.15713587607871182,3.2795892392270636
28.618,77.236,11.936800951414938,2,-5.346482790435226,0.15459772531950827
28.618,77.237,8.551774934503845,3,-1.9013322876482588,0.3140777521006185
28.618,77.238,6.3120777464105835,9,0.24322041883054524,1.230840304510985
28.618,77.239,5.074285979372154,5,1.7149599686180248,0.8231420148770814
28.618,77.24,6.728854005050543,6,-0.38002156513945845,0.7763117269493257
28.618,77.241,5.500936230180452,4,0.8335534545025272,0.6152959909728216
28.618,77.242,9.955003678719361,1,-3.259008919723125,0.09128248874462266
28.618,77.245,7.940557487526739,1,4.991131392766494,0.11184984844570736
28.618,77.246,5.980181062256406,8,0.5333065049594841,1.1461020750963054
28.618,77.247,7.16265742940273,13,0.5357341613915315,1.5926185941814324
28.618,77.248,9.438177478946216,4,0.46557302156240965,0.3832086595641809
28.619,77.16,13.381003919525554,2,-6.069714942000286,0.1390723492735118
28.619,77.161,5.585526249790461,4,1.530301504041148,0.6073926134797918
28.619,77.162,5.769821859142076,15,0.6437059088478122,2.2157156143988868
28.619,77.163,6.1322087204181726,15,-0.22738523598659105,2.103135310252183
28.619,77.164,6.460344091791256,27,-0.9067894801281978,3.6191360167567286
28.619,77.165,6.599424336590886,14,0.3960912053249931,1.842244804332169
28.619,77.166,9.187267133473698,3,0.3217603821194963,0.29448525897023836
28.619,77.167,6.102412920290551,18,-0.9349911588598138,2.534349974017512
28.619,77.168,6.236461143784162,23,0.014255545442428038,3.1783491326773867
28.619,77.169,6.380661870021041,29,-0.42469597223016303,3.929186909075585
28.619,77.17,5.678185119888861,38,-0.3832064993269927,5.690168708685392
28.619,77.171,6.059470591774033,22,1.703099547275113,3.1163809968463143
28.619,77.172,5.673848782671722,28,0.2642734190533029,4.195480136244688
28.619,77.173,7.779327963235545,10,-1.7454468848181217,1.1390393481000096
28.619,77.174,6.503871470131757,13,0.5500173574805095,1.7324390551923645
28.619,77.175,6.0647711692563,1,1.4736566166745027,0.14154740133009416
28.619,77.178,5.394851537702165,1,-1.7962410280381227,0.15637579607662414
28.619,77.179,7.301432860843797,3,-1.7630508281216937,0.3613833961303719
28.619,77.18,5.134468309736881,16,1.859527566748622,2.6082130010524534
28.619,77.181,6.793835367329765,18,-0.6192980809854277,2.309517606113735
28.619,77.182,7.863927714348068,5,-0.4655299766994786,0.5640840224708155
28.619,77.183,7.4975595628679095,9,-0.7184601567893897,1.0591276158072045
28.619,77.184,7.498795211298739,8,-1.5975557472069777,0.9413098917084608
28.619,77.185,7.135296358790202,4,2.0140937182262104,0.4916846078604122
28.619,77.191,6.210691484979524,12,-0.3225856626512134,1.6641954554562497
28.619,77.192,6.523402330703179,10,-0.49195740144539685,1.3291858603905533
28.619,77.193,6.376255547436106,11,-0.44498883403655626,1.49127154411339
28.619,77.194,5.363014663436715,14,1.395209608786258,2.200214951640311
28.619,77.195,5.830881319302409,7,-0.54088161609827,1.0247579591552414
28.619,77.196,5.13719641641707,11,0.7034809222683808,1.792349348731104
28.619,77.197,3.918849136346311,5,-0.5276982524544935,1.0164979370995646
28.619,77.198,6.409579693549934,6,-0.2824404943626919,0.8097625301503973
28.619,77.199,6.891414162528812,1,-0.1358099457419577,0.1267199996609415
28.619,77.2,7.404380179972293,2,-3.56916972792304,0.23797114804087713
28.619,77.201,2.622362378131881,2,0.6912314201252894,0.5521258756644433
28.619,77.202,5.176562162592703,3,-0.3881887138959934,0.48570708446342353
28.619,77.203,9.31971379241174,3,-1.4548818655588722,0.2907057366461026
28.619,77.204,5.3869701714279,4,1.465907739745298,0.6262750400642222
28.619,77.205,5.627368419414689,4,0.8505305478654112,0.6035578146345558
28.619,77.207,9.349370729410534,1,-4.032974270025584,0.09662423215338395
28.619,77.208,4.8767469923563596,2,3.1046214766690796,0.340324332934754
28.619,77.214,5.9245366630879674,3,-1.209502174091237,0.4332419836827267
28.619,77.215,7.011461078901725,7,0.40021573347071865,0.8737482378132724
28.619,77.216,8.924791220244979,8,-0.6836359621096397,0.8060622961701488
28.619,77.217,7.00135222822792,24,-0.6371752429304719,2.9994930001119755
28.619,77.218,6.3365314628949205,14,0.23803625083372312,1.9082587011050236
28.619,77.219,6.274992004016571,19,0.205708582182599,2.6116867193132274
28.619,77.22,5.709554462799243,13,0.611937930887219,1.937535505833925
28.619,77.23,2.10832927704123,1,1.2814033340516042,0.32171623752548006
28.619,77.231,5.506591212736604,13,-0.2522076840548515,1.9979739889840624
28.619,77.232,4.945572470339444,8,-0.4036454681997108,1.3455390611937599
28.619,77.233,7.32250271905166,9,-0.677079492428579,1.0814054742688677
28.619,77.234,5.670738233539976,19,0.5548762653401026,2.848260467555062
28.619,77.235,6.042196588188819,32,-0.9396918404436213,4.544036736161334
28.619,77.236,5.638410776052553,17,0.05615365885697569,2.560853881071342
28.619,77.237,5.425014817561147,14,0.23511017131661985,2.178983301600263
28.619,77.238,4.087416036702372,6,1.5067784287642867,1.1793806436733172
28.619,77.239,6.793935414721525,6,-1.0000936827825155,0.7698293199436755
28.619,77.24,6.63174037919779,2,3.133954350224147,0.2620634220539653
28.619,77.241,6.2366035890804765,7,-1.2733939230227962,0.9673046082781853
28.619,77.242,6.0837047995490545,4,2.920834112577068,0.5646762694366708
28.619,77.243,5.881539055715285,2,-3.9586687440279493,0.29063265990461123
28.619,77.244,2.0198011077383122,1,9.05906865997209,0.3311476366564262
28.619,77.245,7.0318210555758975,2,2.1126457224782316,0.24900953173148058
28.619,77.246,7.620478350706207,8,-0.7584408760090473,0.9280227470607386
28.619,77.247,5.744657471969691,3,-0.7014556564530979,0.4447964944799322
28.62,77.16,5.896058302140778,2,-3.3576344580371362,0.2900207498795551
28.62,77.161,5.90515446743877,2,8.200421373078106,0.289638705322378
28.62,77.162,7.536122137163074,4,-1.989466639357528,0.4685968564795365
28.62,77.163,6.952080725549105,9,-0.23246600556564642,1.1317792550928278
28.62,77.164,6.825886599044584,20,-0.1895852462965733,2.5556209826042817
28.62,77.165,5.18164429188483,34,0.42547589799821334,5.50015471524861
28.62,77.166,5.97397496784268,32,0.5461347166954189,4.588487935152259
28.62,77.167,6.884475341884609,22,0.5563676350168394,2.790293462283996
28.62,77.168,5.9333757029642324,42,-0.6237088357110336,6.057655289333838
28.62,77.169,5.396955795009595,37,0.4998691176189274,5.784001200831262
28.62,77.17,6.383267302741964,34,0.3903855042394359,4.605007323434333
28.62,77.171,6.344872153577902,28,-1.1966596985916733,3.812183440982071
28.62,77.172,7.436078996782129,16,-0.48063396653915164,1.8966157152040735
28.62,77.173,6.921493853847574,14,-0.5351608922974511,1.7673434150554843
28.62,77.174,6.153529516967021,10,0.2453323488425494,1.3979113354158403
28.62,77.175,6.455675184947462,3,0.8451118582618147,0.40237804431942137
28.62,77.179,6.995454780460012,2,-1.1940072538546787,0.2501421188557997
28.62,77.18,5.1219460078031505,16,0.8818262801531979,2.6135480416857795
28.62,77.181,7.345546619583449,9,-0.13319154427692834,1.0784194745112115
28.62,77.182,4.9434646160650635,17,0.1369987406310567,2.860284547509435
28.62,77.183,5.962728618346789,7,0.3674227846107266,1.0053529849712943
28.62,77.185,7.261212534611576,1,2.274433424339498,0.12104760600339859
28.62,77.19,5.3367764656736165,1,7.558698196692704,0.15780894361936393
28.62,77.191,7.597131841165668,1,-2.2603553754920513,0.116317862570363
28.62,77.192,7.5629309916853655,4,0.4296539079812507,0.467129771790058
28.62,77.193,9.245182802637164,5,-0.8023580163821198,0.488034239731962
28.62,77.194,8.36437923746371,4,-2.9473863087247087,0.4271505775841878
28.62,77.195,5.135370447736552,9,0.43657467813851486,1.4669040894377066
28.62,77.196,7.7401950682249865,8,-0.3995097410999946,0.9153113789283756
28.62,77.197,5.371382100774742,21,0.5440912326641634,3.2959881651810616
28.62,77.198,7.172581166022436,9,-2.0494538509491838,1.1012432690687202
28.62,77.199,6.475246410553245,1,1.6143257698485343,0.13377485437647127
28.62,77.204,3.751127159795814,1,5.196889043985147,0.21047637042048276
28.62,77.205,7.289633085428581,5,0.1517887876431155,0.6031630047400942
28.62,77.206,7.061612365177922,3,0.7465038338109404,0.37213399306551614
28.62,77.207,6.2619091366320605,6,-1.3350404499797692,0.8262290104586312
28.62,77.208,5.295910702193182,4,0.5894144374017682,0.635333026341463
28.62,77.209,5.691911988144867,2,1.6778377104320108,0.2988682462565441
28.62,77.21,8.414164975309864,1,-3.4776102132871225,0.10622291011711162
28.62,77.214,5.0035978344018535,6,0.38948847440945517,0.9994007202845538
28.62,77.215,10.661205133779141,1,-3.78293592373402,0.08575443005485676
28.62,77.216,5.866335558315631,20,0.9662071516104576,2.9127618116155927
28.62,77.217,8.212647489069044,6,-2.9726009449584594,0.6512785827438962
28.62,77.218,7.266803875065571,11,1.2950770554486335,1.3306230758876871
28.62,77.219,7.300850905161638,15,-0.8339608723254036,1.8070436599063229
28.62,77.22,6.180916424617059,3,1.0568108090322081,0.41777397515944253
28.62,77.23,3.389732611092834,1,4.6623737338181055,0.22780430805124774
28.62,77.231,5.008634153346879,1,4.4378429097135115,0.1664271737101831
28.62,77.232,9.061135416306938,2,-1.3845069188208443,0.19878472133059952
28.62,77.233,6.992150062843297,11,0.36461023224224126,1.3763505331488517
28.62,77.234,7.461194677225623,6,-0.593866161991539,0.7091197199551216
28.62,77.235,5.374599353791892,5,1.4259735084951672,0.7843630199325046
28.62,77.236,6.161660510655084,19,0.35229532881105485,2.6530160109840297
28.62,77.237,6.040964267711578,8,-1.4926750567797513,1.136208010128153
28.62,77.241,10.510983489290043,1,-2.5990363971904324,0.08687355002553969
28.62,77.242,8.116151602440004,2,0.7025858055005609,0.21939082270907886
28.62,77.243,6.758721485167149,10,-0.08072320904719694,1.2888721446075424
28.62,77.244,7.600747725434638,8,-0.37669209790981495,0.9301516862704773
28.62,77.245,3.2475538663462586,3,1.1453158072760523,0.7062888651676116
28.62,77.246,10.61827365725747,1,-1.4004290938567845,0.08607130710639958
28.621,77.16,6.321719513610513,4,3.083866221021166,0.5463197535175047
28.621,77.161,8.061198374502355,6,-2.016007111919941,0.6621640705807329
28.621,77.162,4.6888378003061675,2,-1.3278985740359806,0.3515656572054774
28.621,77.163,7.0256778309529535,14,-1.1493534465233655,1.7444009459245469
28.621,77.164,5.352318565258524,7,2.289093599316661,1.1019598479024197
28.621,77.165,7.0471253762679495,23,-1.0380387595194798,2.858163496225631
28.621,77.166,6.110598623612276,69,0.11485319141470603,9.70382434059358
28.621,77.167,5.901267484092085,29,-0.08992236471533749,4.202126648017495
28.621,77.168,6.108038279354803,27,0.20532131466085007,3.7985164033825085
28.621,77.169,6.181220961875355,38,0.3821957409186019,5.291579273460541
28.621,77.17,5.646054417938172,45,-0.23061951733240585,6.770934628302442
28.621,77.171,5.793960445991701,34,0.45953114592450844,5.004444796268914
28.621,77.172,7.414947991286037,12,-0.2261079249236432,1.426033769005632
28.621,77.173,6.051607893065863,16,0.8451791713875845,2.268986058588632
28.621,77.174,6.716947769605024,12,-0.3594540236924839,1.5550189476809424
28.621,77.175,6.1420043881279005,10,-0.612830003068719,1.4001671598834249
28.621,77.176,9.135173779912076,5,-0.14054993093037726,0.49333145228451875
28.621,77.179,6.653784651225363,9,-0.820243573603247,1.1758888458612575
28.621,77.18,5.9950304941722345,9,-0.2859837545869231,1.2866277005508646
28.621,77.181,5.232896175764437,15,0.22463292540111704,2.406585891535457
28.621,77.182,5.123441779177669,3,4.021615695693661,0.48992055582226457
28.621,77.183,5.470237939567379,6,-0.9381516524243837,0.927322929394646
28.621,77.184,5.127033878784061,7,0.519559174037398,1.142477769584193
28.621,77.185,10.834549423824129,3,-2.5135267968826707,0.25349507552528366
28.621,77.186,7.920998001531593,1,0.957362021431341,0.1120950817193677
28.621,77.188,7.8635639672702675,1,,0.11282143432287683
28.621,77.189,6.408901674244309,2,0.09986054888417328,0.26994554495879386
28.621,77.19,11.216924931217394,2,-5.307423356662433,0.16370731679700218
28.621,77.191,3.914275088334924,2,3.262165854814728,0.4069776241764375
28.621,77.192,7.864899612068381,2,-2.9283550762602815,0.2256088717888318
28.621,77.194,9.519790595874436,2,0.16367833528594167,0.19011785280063875
28.621,77.195,7.715960644968068,3,0.9426879985561714,0.3441961388079433
28.621,77.197,5.533056091751054,3,-1.015541519345369,0.45920315972611075
28.621,77.198,7.357720207607736,2,-0.04671825524025275,0.23929970737468229
28.621,77.202,1.932818041003963,1,1.3988960887396038,0.34096898819460336
28.621,77.203,4.9812115708160505,4,-0.05703231963564881,0.668760827574982
28.621,77.204,6.368245265490399,5,-0.7015151966000662,0.6785876175183511
28.621,77.205,7.687592065342653,3,0.4177817261978601,0.34532008149506443
28.621,77.206,6.235745504573333,7,-0.6230743548927195,0.9674193205904864
28.621,77.207,4.6560714347865515,5,2.8807683094322734,0.88400580820965
28.621,77.208,8.135640462177747,4,-3.4119559103865655,0.43784560223886954
28.621,77.209,6.00734961059075,12,-0.11041701744319421,1.7124876974688792
28.621,77.21,5.751301904336008,4,0.16001615771599786,0.5924783185049108
28.621,77.214,6.618171689273862,5,1.0550013279153163,0.6563254549697058
28.621,77.215,14.565273286428987,2,-5.523597574763964,0.12849115869643968
28.621,77.216,6.235324220715122,8,0.08065751813045163,1.1056864566062665
28.621,77.217,5.167847508710705,22,-0.09773895130295097,3.5668845523385464
28.621,77.218,6.062228123713897,8,1.7118049280893968,1.1327869703241682
28.621,77.219,6.174162124719984,11,1.0348694489176409,1.5332800972112606
28.621,77.22,3.079200859174453,2,1.5131053422122656,0.49029211089271035
28.621,77.231,6.04097931171828,5,0.514706304492164,0.7101284890410793
28.621,77.232,6.783409061577349,6,-0.7978941693058305,0.7708704441115508
28.621,77.233,6.21520418314838,1,0.23498659233778518,0.1385962163531797
28.621,77.234,6.100864238949885,11,0.003954861964409014,1.5491072114380742
28.621,77.235,8.117839775096225,4,1.236900309806178,0.4387004047740887
28.621,77.236,6.840886390607082,4,1.2949204658570845,0.5101464044666892
28.621,77.237,6.4662942700220984,2,-2.6396415608958708,0.2678705027780911
28.621,77.241,3.848613348378911,2,-0.16147288404067117,0.41248906775968874
28.621,77.242,5.424471806007425,8,-0.2820703049162515,1.2452385568132345
28.621,77.243,6.394351647791771,4,1.741498587786981,0.5409534453496744
28.621,77.244,5.273291936108289,7,-0.8210725152367144,1.1158415822654242
28.622,77.16,5.656283866497834,9,-0.5630451887526776,1.3521057966440513
28.622,77.161,5.22506296277517,25,1.1170065307134582,4.016023636948862
28.622,77.162,5.5186626686874725,13,-0.08516844671722555,1.9942740805481103
28.622,77.163,5.265029796405005,10,2.07503836117193,1.5961616025734136
28.622,77.164,8.085855078559407,3,-0.46492285890725366,0.33018356269838944
28.622,77.165,7.946880226837344,10,-1.7703661161132296,1.1177080441966447
28.622,77.166,6.810379655127548,24,-0.396812359581529,3.07283397987496
28.622,77.167,8.498736534319226,21,-1.0992910906251563,2.210820346908913
28.622,77.168,7.462616903610737,14,-0.7339394925730411,1.65433460588611
28.622,77.169,5.197817686557851,30,0.20616905437209582,4.840413435371866
28.622,77.17,6.817181218203194,25,0.1881020949216902,3.1980837212503994
28.622,77.171,5.622836435883384,21,0.24734306856440985,3.170846842331676
28.622,77.172,7.677533782096612,7,-0.23764390719564002,0.806680812288201
28.622,77.173,5.061239799662187,12,0.19323586170589865,1.9797929790979067
28.622,77.174,5.855094897604313,20,0.14088262195532444,2.917538020806905
28.622,77.175,6.806683798682216,13,-1.1866281897450526,1.6652397272955293
28.622,77.176,8.105717790564967,3,2.013836043669269,0.32946331843366566
28.622,77.179,8.938648070152531,2,0.8326587490862534,0.20123461318711383
28.622,77.18,7.14090307450866,11,-1.1050463438760796,1.351201445260285
28.622,77.181,6.880051275973694,10,-0.5552116906062871,1.2690272753034029
28.622,77.182,5.4794926101073065,11,-0.6980491126158245,1.6976637928163065
28.622,77.183,4.651147098989317,6,0.4498479157197622,1.0617313431945656
28.622,77.184,6.876457443494804,12,0.5988144566667989,1.5235275612275219
28.622,77.185,5.807673518846452,5,-1.3251228926912828,0.7344653039188695
28.622,77.189,5.859993213167854,7,0.25327115718314896,1.0204091727909295
28.622,77.19,5.1022569421812225,5,1.7810607581403617,0.8193689723941342
28.622,77.191,5.874114122887721,3,-1.1408617619288013,0.4364198711818507
28.622,77.196,7.327615048136499,4,-1.8058816866533918,0.4803295993965397
28.622,77.197,5.229599963651696,11,-0.33326403360126294,1.7657634622098541
28.622,77.198,4.088074067507246,3,2.525625171837675,0.5896140583247765
28.622,77.2,2.8958949024869036,1,1.9991412852858468,0.2566804354403042
28.622,77.201,4.1287940470177045,4,0.6072435001004579,0.779910435734093
28.622,77.202,4.027821801164183,5,0.7227844199127198,0.9944664305410066
28.622,77.203,7.759528647857305,4,-1.297893101626219,0.45664557544183065
28.622,77.204,10.436316586162192,2,-0.12394513956521092,0.1748814825937904
28.622,77.205,6.7290898072421825,2,-2.576308943572413,0.25876268097260213
28.622,77.206,4.1729492463883116,2,3.8301839329560505,0.3866266427022022
28.622,77.207,5.828845081010268,4,0.9219079356451343,0.585750584842413
28.622,77.208,7.524904308456355,4,0.5834462312041913,0.469213477977948
28.622,77.209,7.271344362929481,13,-0.4385142531395387,1.5716913030804778
28.622,77.21,5.772044040922904,5,0.5233028977840999,0.7383295161380244
28.622,77.214,9.679671079782585,6,-3.504045241128584,0.5618150554616282
28.622,77.215,6.630941571812122,8,0.6449041639455568,1.0483634194699039
28.622,77.216,4.623044972731406,14,0.7693458035898983,2.489754228872808
28.622,77.217,6.369414020707261,20,-0.31843253712862907,2.713919986555532
28.622,77.218,6.2740385778001455,14,-0.0959795377497674,1.9246529765084028
28.622,77.219,6.842853264147226,6,-1.4470457173916398,0.7650277007512515
28.622,77.22,5.942772069009046,3,-0.25118062180709355,0.4321040601910751
28.622,77.232,7.588011408847046,2,-0.6014202021987458,0.2328827833111255
28.622,77.233,7.820933518180541,5,-0.5016421117846966,0.5668334297832153
28.622,77.234,5.137066399709069,6,0.41707035941273424,0.977665811190251
28.622,77.235,6.033702316150447,14,-0.6092913037269234,1.9904169057387995
28.622,77.236,2.6244001710586167,2,3.038437565562341,0.5518154468621601
28.622,77.237,4.604395796378118,8,2.778786070819418,1.427450931493821
28.622,77.238,5.9625932376352635,14,-0.3771244033271346,2.010745066123507
28.622,77.239,5.534111076959975,1,3.1312867726143034,0.15304300588432215
28.622,77.242,8.24847275940694,2,0.7580477327087682,0.2162519209418367
28.623,77.158,8.165482236402491,2,-0.8810946174103416,0.21821001322293898
28.623,77.159,7.6480300871724225,4,1.4928976115538295,0.46253308090742873
28.623,77.16,6.030809152191591,10,2.70921747720717,1.4223113988071878
28.623,77.161,7.616502049870738,29,-0.9632045426965519,3.365634898263042
28.623,77.162,7.869990456145132,19,-1.736762851110174,2.142054164989185
28.623,77.163,5.860166708677102,11,0.844542300802729,1.603459575710692
28.623,77.164,6.002398139144186,9,-0.5269024171067227,1.285273962028665
28.623,77.165,7.755343856939805,3,4.498303269662907,0.3426478787149051
28.623,77.166,6.019683972917656,5,0.39903055029314893,0.7122827778700989
28.623,77.167,4.825357367276543,8,2.421416400457745,1.3733063047666965
28.623,77.168,9.316886609326023,4,-1.7211302943462874,0.3877138667380692
28.623,77.169,7.398148172988903,8,-1.2206613701402886,0.9525909563885198
28.623,77.17,7.364459524495737,3,1.7504478760623288,0.3586603523173674
28.623,77.171,5.506941274060934,15,0.9546481079837574,2.305230578888967
28.623,77.172,6.870322212303298,10,0.33278391995341955,1.2705960099533762
28.623,77.173,5.095705772038812,5,-0.11936334049129323,0.8202495637068232
28.623,77.174,5.668224199333759,17,0.046658613482648444,2.549404382908799
28.623,77.175,6.689227573375754,6,-0.22094682465925577,0.7803124491691767
28.623,77.176,4.0683945005912765,9,0.05496504717057071,1.7757102370287208
28.623,77.178,8.843864042326496,2,-2.4801533553942585,0.203172249372851
28.623,77.179,6.709202538313903,11,2.492022637336817,1.4268661311375839
28.623,77.18,6.428121783718952,18,-0.20231410430007601,2.4232235986562065
28.623,77.181,6.110946401794371,8,0.43387663259269627,1.1250260581321898
28.623,77.182,7.7728096762703975,7,-1.8142645541115463,0.7979199661579713
28.623,77.183,6.213162872903739,19,0.11015844963887549,2.6340733371450047
28.623,77.186,10.739282490999594,1,1.6465010286510626,0.08518408180114
28.623,77.188,6.597167391551352,1,6.501872482884929,0.13162800665838675
28.623,77.189,8.313649146279545,8,-1.3435062420920976,0.8589544092065892
28.623,77.19,6.5282353244206455,3,1.2309706695522047,0.39849976398431364
28.623,77.195,6.21323571478183,1,-0.024175449512722658,0.13863403880601533
28.623,77.196,5.469376505270295,13,0.9242855834968358,2.0094672167262972
28.623,77.197,6.515277303223594,8,1.0076545819966114,1.0644983115351565
28.623,77.198,5.09017880897487,5,0.1496389989159031,0.820993957128432
28.623,77.199,6.789489844116836,3,-0.8533571968882105,0.38513433614215553
28.623,77.2,5.239357492650644,3,-0.015918982662567565,0.480818738713675
28.623,77.201,8.8151051141172,2,1.0148108076073217,0.20376755793714044
28.623,77.202,10.937932287738182,1,-0.6882331294943906,0.08376660010269374
28.623,77.203,10.251444797905917,2,-1.5582859878842377,0.17775494933523858
28.623,77.207,5.520728581094125,2,-0.0496921620072861,0.3067141923064702
28.623,77.208,7.357164534721571,4,-1.882467771410179,0.4786312371117227
28.623,77.209,6.325482595325398,3,-2.058558635540393,0.40952933284073145
28.623,77.21,3.9093344353260155,7,2.819703301725172,1.4258551932478296
28.623,77.211,5.853240279765147,5,0.44052824057703843,0.7295818905931232
28.623,77.212,6.496799554791121,1,-1.7003195477728124,0.13339025442675884
28.623,77.213,4.487944631951911,3,-0.484631468524491,0.5466527454620078
28.623,77.214,5.396133772407847,18,0.337610245374247,2.814200052795931
28.623,77.215,6.101969370517576,12,0.19503210703532278,1.6896721703441346
28.623,77.216,5.361731140079012,2,2.500732120064383,0.31437983717984663
28.623,77.217,8.593759465248846,9,-1.9911812294092814,0.9381098236411283
28.623,77.218,5.625330278603501,8,1.6462184693722355,1.2074869725115431
28.623,77.219,7.308549173812575,3,-0.8180805510455293,0.36107386948561304
28.623,77.22,7.802772173934239,2,1.044799682552835,0.22720115441839686
28.623,77.234,5.914100008586172,5,-0.8828090521198491,0.7231599186865716
28.623,77.235,5.142279849423164,9,2.4378181290766716,1.4652539807096563
28.623,77.236,7.6100279970570766,8,-0.634287805694596,0.9291491273587512
28.623,77.237,6.62986145665589,7,-1.591836081222241,0.9174478514145978
28.623,77.238,5.570952315155969,7,-0.0795399934728095,1.0652945972312762
28.623,77.239,10.929087337453682,4,-4.033507993326875,0.33531483900207726
28.623,77.24,7.089191169272635,2,5.660749077156832,0.2472435078054703
28.623,77.241,7.526056246901068,3,1.0752833501205814,0.35186256261098425
28.623,77.242,7.86819535746138,2,-0.44846641264946063,0.2255250272894893
28.623,77.243,1.860464650361962,3,2.2962786740115297,1.04878065863194
28.624,77.157,9.930792395950213,3,-4.9322575166780345,0.2744540277895572
28.624,77.158,6.432723092003655,7,2.3282587411819473,0.9417813516463177
28.624,77.159,8.516918920427544,7,-1.6125451757427078,0.7355321673461864
28.624,77.16,4.921902154874265,8,0.42871212362346084,1.3509172881918137
28.624,77.161,6.369857254464578,27,-0.04708664297666455,3.6635716361593977
28.624,77.162,7.462571813200303,26,0.29053515595287327,3.072352066713812
28.624,77.163,8.815402245499083,6,-1.717639666793259,0.611284168486456
28.624,77.164,7.015713840087866,12,0.5200231552687472,1.4970594309375271
28.624,77.165,8.794151790357038,3,-2.1841584802987755,0.30630523849484237
28.624,77.166,6.287581456504115,11,-0.7904934500228663,1.5094170906566784
28.624,77.167,5.649801796976671,15,-0.20217942325795066,2.255706328994609
28.624,77.168,6.021240531983771,3,4.653362230504002,0.4272749219079074
28.624,77.169,9.042804268487037,1,-3.966705340327886,0.09957378171133584
28.624,77.17,7.910160106155416,6,0.20586362716939677,0.6733885731026329
28.624,77.171,6.6101456817128,12,0.48897807301335156,1.5768423499218984
28.624,77.172,6.679676395629759,16,-1.2138421458260902,2.0834211203358843
28.624,77.173,6.030472925506043,10,-0.28646862598756756,1.4223794197003063
28.624,77.174,5.274322584721422,9,-0.4851797678445818,1.4344178002444223
28.624,77.175,5.481038555679336,15,0.9397163020627762,2.3144438767233524
28.624,77.176,8.429703359154638,3,-1.9444647676865445,0.31814362400780194
28.624,77.177,4.4381277635787075,5,0.08295666687204824,0.9194340805096521
28.624,77.178,6.78584977074965,5,-1.9642793286432059,0.642190659622576
28.624,77.179,9.169157200113405,4,-2.894227582681008,0.39334626471851497
28.624,77.18,5.647876294331281,21,0.6918729889937483,3.1589035460703347
28.624,77.181,6.980887687998639,6,0.43094327925404513,0.7517960701317193
28.624,77.182,7.698266985609431,5,1.3024916388575272,0.5748271475538851
28.624,77.183,5.9982150436706805,12,0.690432530633561,1.7147229579424013
28.624,77.185,6.646366220630554,4,-0.34491981042705655,0.52312430304576
28.624,77.186,5.860649617488432,4,-0.3114987636864668,0.5830351676616204
28.624,77.187,5.862166914280848,8,0.6760438990787709,1.1658125049904002
28.624,77.188,12.495715505727226,2,-8.9730263056164,0.14819518084470976
28.624,77.196,7.521819888037825,4,0.8151290035883967,0.469383306917205
28.624,77.197,3.728068248986318,5,0.7527592664095686,1.057514345541011
28.624,77.198,6.287814159210072,13,0.12101400461061186,1.7837996024598237
28.624,77.199,8.404209678194466,13,-1.6415282769863353,1.3823596500770385
28.624,77.2,7.533120731211817,14,-1.0747422207274189,1.6406658760600723
28.624,77.201,5.873773354926291,29,0.3012760168197458,4.218934565134636
28.624,77.202,8.394571763584981,2,0.06617511405987031,0.21288889481395556
28.624,77.203,5.83177364160747,6,-0.21527084926828977,0.8782492387420846
28.624,77.206,13.089921125725317,1,-6.376377872801274,0.07097271809238197
28.624,77.21,7.3303247880679105,2,-3.2365663405347624,0.24008667739638864
28.624,77.211,5.669704518582987,17,0.22184029804467756,2.548838550888569
28.624,77.212,6.320557661194281,10,0.33086658344548825,1.3660161510658182
28.624,77.213,6.613476946616954,10,-0.9179867544333198,1.3134603375194427
28.624,77.214,6.17209865207664,1,0.6765323319234815,0.13942920315387125
28.624,77.218,5.024578798313342,1,-0.9745329020612097,0.165986707698132
28.624,77.219,9.06394953076077,1,-2.3749516362205867,0.0993645682486254
28.624,77.22,5.339379161953808,5,-0.17438120021955344,0.7887207678013365
28.624,77.234,2.8697009462340004,1,5.266323728954206,0.2584179020275977
28.624,77.235,7.5779850729743305,9,-3.1591532746372946,1.0491974424571178
28.624,77.236,6.5976891756851535,11,-0.03802718604508939,1.447808635710348
28.624,77.237,7.133318931404969,14,0.5616948017092098,1.721314523391204
28.624,77.238,5.383262394590805,3,-0.5136003824240967,0.4699791132732079
28.624,77.241,6.994495374694834,13,-1.1549328724152081,1.626118896903638
28.624,77.242,6.875133613312305,20,0.560971159688267,2.539639450204571
28.624,77.243,5.866933614475078,11,-0.803240427349742,1.6018794730755324
28.625,77.157,11.00111242124875,1,3.344294158806999,0.08332560890184104
28.625,77.159,6.80993508505802,3,0.14519672967205643,0.3841261121029808
28.625,77.16,5.806128969275422,4,-1.7218481550195464,0.5877055839019516
28.625,77.161,6.016007619053243,12,-0.012182566776896294,1.7103744253942683
28.625,77.162,5.404876677534602,11,1.4472529201980853,1.717441342560584
28.625,77.163,7.323042905417248,5,-1.246170631432081,0.6007418268558525
28.625,77.164,6.874948868551556,5,-1.3766823429467479,0.6349247574123809
28.625,77.166,7.944009332176228,1,-3.072074062502062,0.11180668119413545
28.625,77.167,7.838034071177798,1,-3.7965197386089207,0.11314733479713043
28.625,77.168,10.974479681682293,1,-9.011778696131348,0.0835109354713532
28.625,77.169,6.973477972311668,8,1.025502190788924,1.0033262809253918
28.625,77.17,8.068194492954952,6,-1.436416488358607,0.6616532105328551
28.625,77.171,7.1630596290241515,5,-0.5038164326581581,0.6125154325986129
28.625,77.172,7.804033389167138,6,0.13903524218734745,0.6815058206597283
28.625,77.173,6.05530874593257,2,3.1230728753787815,0.28347448311925577
28.625,77.174,9.578377526983951,6,-1.914615058246093,0.567194731393812
28.625,77.175,5.679836223483136,11,1.8175753348831731,1.6467469608505096
28.625,77.176,6.171552030822772,10,-0.307852715430453,1.3943983055579572
28.625,77.177,6.908034645438468,1,8.506283202073211,0.126453669569698
28.625,77.179,7.6255328884181,10,-1.214214584077326,1.159348660466817
28.625,77.18,4.4699503125179465,13,-0.44057700300254576,2.3766212227284007
28.625,77.181,6.661149439572622,4,-0.5694044743647826,0.5221148642968045
28.625,77.182,4.457252832630408,1,1.4417545430239462,0.18324238049238373
28.625,77.183,10.111806274306328,1,-5.654553441675921,0.08999436953038731
28.625,77.185,7.003822718560788,3,-0.5327784905779707,0.3748208956506532
28.625,77.186,5.832457550061213,7,0.5571328718583798,1.024521550073485
28.625,77.187,5.380761303522393,17,-0.20412797695659168,2.6642588856310034
28.625,77.188,4.7706574933421235,12,0.476805961081826,2.079485745574912
28.625,77.189,8.283262252834124,3,1.0486724668238192,0.323162258944491
28.625,77.19,10.259524494618555,1,-3.09498457590239,0.08881369728161664
28.625,77.194,4.657262518231949,13,-0.5640019411068278,2.29793119165042
28.625,77.195,10.021354125314335,1,-1.5273088327024915,0.09073295246934818
28.625,77.196,6.665955514388261,6,0.4640123776129344,0.7826812963809374
28.625,77.197,8.115643701574054,7,-1.7068011216853327,0.7679106631593408
28.625,77.198,7.493390009737587,9,-0.09108558248409812,1.0596475600062623
28.625,77.199,5.525790341722435,25,0.0590199741343595,3.8309535996219934
28.625,77.2,7.792450056849902,24,-0.5284851151180229,2.7296145948878503
28.625,77.201,5.744042333240366,39,0.2286128235715595,5.782881849328686
28.625,77.202,6.449646786806776,20,0.826768811070767,2.6846910427242983
28.625,77.203,5.95936544176555,7,0.8339920616161649,1.0058388309357327
28.625,77.204,7.659215441585677,2,-0.07595922498155216,0.2309678068979607
28.625,77.205,11.501060732420934,1,-0.4048439727899513,0.07999321188853561
28.625,77.206,8.020196813921697,3,1.5194776219508288,0.33258697807677823
28.625,77.207,5.317508239909366,2,0.7899619520742738,0.3165805130835402
28.625,77.211,6.7186574757919475,9,-0.16981555344471497,1.1660058796787824
28.625,77.212,6.998370063753332,5,1.3325091419801818,0.6251273647188174
28.625,77.213,4.637405076210437,8,-0.2435935124936599,1.419092630714013
28.625,77.214,5.983647761864733,1,-2.599150150751675,0.1431916434074255
28.625,77.235,5.906250470778691,9,1.611840139524471,1.3031673319814066
28.625,77.236,7.866649867501944,18,0.4750319686144802,2.0300790342442214
28.625,77.237,7.167145991083753,18,0.17236757350422494,2.2039522765542556
28.625,77.238,6.975422385578895,7,-0.7048127253495213,0.8776964606485737
28.625,77.24,5.705310296393953,5,0.4540363701683125,0.7456776463706607
28.625,77.241,6.0979966595742985,14,-0.37271523609574014,1.9723875160064739
28.625,77.242,3.165903070352624,3,5.779091000106713,0.7201319736289651
28.625,77.243,11.36768392288379,1,-10.074435005746185,0.08085588265638896
28.626,77.158,6.077881218020684,2,1.1434149141336265,0.28257043858095376
28.626,77.159,6.323048216577903,12,-0.09110474055770446,1.6386618857478532
28.626,77.16,5.906325894021047,10,0.9967481025002977,1.4479478891456907
28.626,77.161,9.896895214953135,3,-3.5992557690400155,0.27530777719907645
28.626,77.162,3.875394525113728,1,4.079332459413958,0.20511160580931098
28.626,77.163,5.492735314050123,3,1.8865271762529634,0.4620548743929345
28.626,77.167,8.400179955671836,1,-3.442895338930474,0.10638094214320064
28.626,77.168,6.9885688813419895,4,0.08787594797589016,0.5007154672399902
28.626,77.169,5.171235330005522,9,2.4459543673067943,1.458378998486831
28.626,77.17,5.255246263236331,15,0.6420760886234356,2.397987124529182
28.626,77.171,11.710493702130613,2,-3.8844630377995784,0.15735030022199276
28.626,77.172,7.769809289437381,2,-0.04090328280422639,0.22805513027619193
28.626,77.173,10.94409052632963,4,-5.060443230521159,0.3348936439473876
28.626,77.174,9.812076906681714,5,-3.012983726303782,0.46244584117877197
28.626,77.175,5.5984761005710295,11,1.726662561978238,1.6670515786285964
28.626,77.176,6.465841927327416,7,-0.049362735102865596,0.9376035640907046
28.626,77.177,5.210944003416011,7,0.18229581811267728,1.1270428450409486
28.626,77.178,9.424771742967325,3,-2.0172131142170886,0.28777608507580377
28.626,77.179,5.952256201495946,2,4.36078372265483,0.2876763948327525
28.626,77.182,5.724365674171195,3,2.1524934266241806,0.44613873566145135
28.626,77.183,7.6225570282399815,6,1.063183036296677,0.6958492684187799
28.626,77.184,9.839433935630662,1,1.8839044834574175,0.0922557401003079
28.626,77.185,4.746801631016451,4,-0.26286671211758994,0.6960393375005899
28.626,77.186,4.3312932718244745,11,0.19156377916859293,2.063289231926943
28.626,77.187,6.587931962639835,9,-1.5070396431898914,1.1860939244464321
28.626,77.188,6.093755348769891,14,-0.24612585567046658,1.9735667938460413
28.626,77.189,5.0443339562439515,8,1.8056265389331851,1.3235536053953134
28.626,77.19,8.557870114538865,3,-1.4550072988738354,0.3138774605690213
28.626,77.191,6.312721977764616,1,0.7289273605410616,0.13674798563936166
28.626,77.194,8.187513980967678,3,-0.9178517694099115,0.3265301153516203
28.626,77.195,3.9940518553740185,5,1.0014593198181625,1.0011910458277642
28.626,77.196,2.836950749785288,2,2.4214492070996814,0.5212472430384774
28.626,77.198,6.531996608941699,5,3.2611904396772458,0.6638346058287109
28.626,77.199,7.390639779998203,8,-0.4920891748921231,0.9534433856963542
28.626,77.2,8.327913605972379,15,-0.3135995148577393,1.6080766432480633
28.626,77.201,6.156631055607865,26,-0.10794091629439184,3.6329943234431035
28.626,77.202,6.676983281636134,17,-0.4459325105913785,2.2144114916421866
28.626,77.203,6.368212103324174,17,0.6934075260451098,2.3072082835848926
28.626,77.204,5.154484297639802,17,-0.2051941526000764,2.762213562965685
28.626,77.205,5.632142774541907,29,-0.5449066143557066,4.37264410400198
28.626,77.206,9.788001291251213,3,1.07943064443554,0.27808672978496224
28.626,77.21,5.895590401948301,1,4.491351158204113,0.14502021461678713
28.626,77.211,8.657181431725844,3,-2.9696587292192262,0.31064964671207046
28.626,77.212,3.365202816327238,2,5.028487345410722,0.45816886045234095
28.626,77.213,6.017220415685073,11,-0.04773969096646011,1.5675722506040304
28.626,77.228,8.33816752891172,5,-1.3092178928255878,0.5354369563963804
28.626,77.234,5.941149082541769,3,1.2105801757816825,0.4322050951974993
28.626,77.235,7.210195300598875,12,-1.2456966358844808,1.4615973872295929
28.626,77.236,6.0558285793082725,17,-0.7331924176027039,2.4093555857994806
28.626,77.237,7.7819105413405705,7,-0.5992770637830278,0.7970930661440603
28.626,77.238,5.662797533993065,8,-0.36456136113502136,1.2006968483110336
28.626,77.239,4.152540963989791,4,1.7711405607420212,0.7763160017465753
28.626,77.24,5.793052651392844,9,0.08391200148179115,1.324883003542545
28.626,77.241,10.483228737833596,2,-4.1962393571037815,0.17416704357813884
28.627,77.158,9.549103275401057,2,0.7294328673431121,0.1895895743729899
28.627,77.159,6.366283033036741,12,-0.4547024399019997,1.6290441116885805
28.627,77.16,7.221621621865931,6,1.1130748539472612,0.7297830374536592
28.627,77.161,9.310707066712691,2,-1.4121012015694516,0.19397311814403526
28.627,77.167,3.3446754736111624,2,5.704901912103519,0.46033357661525426
28.627,77.168,7.872656441209589,4,-1.3632249623153885,0.4508232710805479
28.627,77.169,8.252638207394158,7,-3.1572378323627674,0.7565409824849756
28.627,77.17,6.515046912813139,13,0.7841188780576676,1.729862787394584
28.627,77.171,8.055025218802124,7,-0.4282047496135159,0.7730514085664821
28.627,77.172,4.911690273349557,3,-0.5165498942432917,0.5074690758959879
28.627,77.173,6.015090179090167,7,1.1081237267483899,0.9978488973477281
28.627,77.174,10.654053053370966,2,-0.5891910479391904,0.17161411492128867
28.627,77.175,15.51838371313692,1,-2.5022685548041625,0.060538610639290884
28.627,77.178,8.87600952859835,3,0.3164141777044473,0.3037664140878744
28.627,77.182,4.821817660210279,4,-0.09955912671577738,0.687070642445288
28.627,77.183,6.657744819010573,19,0.9318367220211234,2.4811482295455902
28.627,77.184,6.464804194425136,14,-0.25870169573204116,1.8754678134029927
28.627,77.185,7.796766313309394,12,-2.09337429368995,1.3641376356496084
28.627,77.186,4.620580740445479,3,2.869657996070707,0.5337526740630408
28.627,77.187,6.110279489232437,7,0.6434359002771247,0.9844901329969602
28.627,77.188,4.965174592006605,13,0.16729188917580554,2.179315927721568
28.627,77.189,5.081596170662584,2,-2.700033729941591,0.3288610331688797
28.627,77.19,5.2067496617820055,3,2.560548217065947,0.4833447719782333
28.627,77.195,3.550996605904533,1,-2.205784856964564,0.21973209092324625
28.627,77.197,6.700875735866583,4,-0.12049910287566479,0.5194214446767564
28.627,77.198,5.915998229232026,8,0.6887245429016787,1.1567382950137546
28.627,77.199,5.427135915407962,24,-0.7425078561071451,3.7341671805110104
28.627,77.2,6.431768588208876,24,0.44420802697614786,3.229379348285684
28.627,77.201,4.709726982832161,10,1.0866811948448962,1.7513972261839672
28.627,77.202,5.758561399050622,11,0.12060909235845076,1.6275652983703268
28.627,77.203,5.894372678850882,23,0.2698338532732605,3.336054064868672
28.627,77.204,7.051253011241419,21,-1.307117492680742,2.6082896625753933
28.627,77.205,6.151967813172824,19,-0.023784595038771873,2.6566115083746493
28.627,77.206,7.631031731849925,8,0.6883185178241773,0.9268880301388172
28.627,77.207,5.8950886247829875,2,3.820805569586267,0.2900615363827825
28.627,77.21,6.031395741808339,5,1.2665355935287548,0.7110963717018859
28.627,77.211,8.96737928420573,4,-2.9685587846742574,0.40130909900643436
28.627,77.212,5.583488852785777,2,0.9667219418464217,0.30379029185318784
28.627,77.213,10.481131916634599,2,-5.64941733136031,0.1741988520402132
28.627,77.227,3.432051085552017,2,2.2658974243824788,0.4512583364663311
28.627,77.228,6.428747209495792,4,3.1508606071561145,0.5384487972463247
28.627,77.229,7.159465151992472,1,-0.12150944243075656,0.12255705262198573
28.627,77.234,6.262083020295768,10,0.5091997318308279,1.3770153786527108
28.627,77.235,6.274311065841312,16,-0.38627593620082273,2.199521006894076
28.627,77.236,5.7016710284626635,9,-0.23535222248405357,1.3429486409846298
28.627,77.239,5.9933713151958266,1,-2.9025939921164303,0.14299255036367223
28.627,77.24,12.947246360702607,1,-3.4622902430543743,0.07169874067884636
28.627,77.241,5.204747866343212,2,4.902759719611593,0.32233380680119506
28.628,77.161,3.977614482022342,2,4.187151246633826,0.401798895278733
28.628,77.162,1.6589151856464524,1,2.9862469498034754,0.3760932298248068
28.628,77.166,12.046534892937336,1,-2.647395226021736,0.07664870467186993
28.628,77.167,8.439937421329422,5,-0.3936720307962812,0.5296645281464009
28.628,77.168,4.603544982973641,3,1.6001500105180027,0.5353753756087429
28.628,77.169,7.372503547372011,8,0.07652932234605048,0.955508702353559
28.628,77.17,7.301124513984332,9,-0.7500276253172513,1.0841904593574425
28.628,77.171,4.202480634372572,1,2.707958341149947,0.1922159966138157
28.628,77.172,5.773239435299723,8,0.2839263795022815,1.1811187359340696
28.628,77.182,10.163696753866631,1,-5.092677406778823,0.0895760626652316
28.628,77.183,6.2797453416178115,17,-0.5136705694857637,2.3352465233656114
28.628,77.184,6.427970205473469,11,-0.44515788401285405,1.4808890848666032
28.628,77.185,5.49103356824852,7,0.1562145984489503,1.0784106916718372
28.628,77.186,5.211799244366108,5,2.5277910549046076,0.80491976693143
28.628,77.187,7.8427683117458855,5,-1.009677395808445,0.5654337899318791
28.628,77.188,2.5425174877595786,2,2.308945764613568,0.5645702546029985
28.628,77.196,5.844802322576101,3,-1.948943924265442,0.43828877133604693
28.628,77.197,5.362535553859638,4,-1.0699643839199275,0.6286801804311367
28.628,77.198,5.302091229984485,8,0.7015080986247553,1.269419896991827
28.628,77.199,6.767250382104138,9,-1.5630392289921426,1.158711198590448
28.628,77.2,5.216407549550158,9,0.08327803155682847,1.447781524660698
28.628,77.202,3.035973019009668,1,1.19440132311375,0.2477717257498853
28.628,77.203,6.258971686820458,6,-0.6939742143244123,0.8265633561973698
28.628,77.204,5.840037662801989,8,0.395070386019368,1.169584203242945
28.628,77.205,5.474975846995634,16,1.7661310026901216,2.4710516885439726
28.628,77.206,7.151978234095885,11,-1.5537150789645298,1.3493657225423126
28.628,77.207,8.8363838844136,4,-1.5697111362463956,0.40665350671584344
28.628,77.208,6.947358447352901,8,-0.4204913841071831,1.006623779837769
28.628,77.209,8.328642366999341,3,0.22564806391545597,0.32159020380207615
28.628,77.21,7.71686073601952,4,-2.2766559823645536,0.4588807967840227
28.628,77.211,3.119963058742236,3,2.241521707826896,0.7281618687415745
28.628,77.224,9.059575005935452,1,-4.851123138803087,0.09940777810294868
28.628,77.227,5.172593352367586,9,-0.4869428156447568,1.4580581428627437
28.628,77.228,9.671191017308663,3,-2.773920538401016,0.28113075617651323
28.628,77.234,9.75860094185769,1,-3.878929719981267,0.09294888855941986
28.628,77.235,5.533885899704088,2,-0.9917562681625118,0.3060965604083441
28.628,77.236,3.884221692849415,7,1.240130637092997,1.4331863785479109
28.628,77.259,5.982866194324054,1,7.012683090659787,0.1432076703421353
28.629,77.163,12.638867348145888,1,-3.712423821981991,0.0733198713994343
28.629,77.164,14.985713943975547,2,-5.609937738129853,0.1251117095557518
28.629,77.165,9.48401152950969,2,-2.8819104354291385,0.19076667307838555
28.629,77.166,6.175913698713818,6,0.16503623448480695,0.836130456958452
28.629,77.167,5.639291200623835,8,-0.3477999177667722,1.2049479015543574
28.629,77.17,6.7242514228903945,5,1.551326336496326,0.6473119175254672
28.629,77.171,5.391446267385872,4,0.22414574003583487,0.6258364433745004
28.629,77.182,6.019265986579721,1,6.4223551373556615,0.14246503863964133
28.629,77.183,6.867524993761852,7,-0.5212535475146168,0.8897334302147485
28.629,77.186,5.304635911100172,10,0.4580608782429444,1.586134416167258
28.629,77.187,5.217004077384615,2,1.5546425575563978,0.32169835745730524
28.629,77.198,5.451476136216526,7,-0.34700504334922094,1.0850230012793873
28.629,77.199,3.870662987256349,3,1.0563020190920798,0.6159325758832483
28.629,77.203,6.654917487148474,4,3.8548648292234136,0.5225399237438464
28.629,77.204,5.64449647778177,10,-1.1424836342394862,1.505004936557427
28.629,77.205,5.917073511305905,1,3.6567995296939335,0.1445698095250119
28.629,77.206,5.930893352352924,7,1.48869607148181,1.009970813881246
28.629,77.207,11.09133796625231,2,-3.6977679447865563,0.16540766667693244
28.629,77.208,8.897854410828732,5,0.8270659102607508,0.5051599864441083
28.629,77.209,5.3891862499474845,3,-0.28032017650820684,0.46954336321384565
28.629,77.223,10.726803824000655,2,-5.030633356772467,0.17054945490831025
28.629,77.224,6.027667621916704,5,0.9931059897116358,0.7114736024804081
28.629,77.226,11.260883692945605,1,-6.2392594840071345,0.08156018970927502
28.629,77.227,6.374978735391105,4,0.39499394026964585,0.542374445204129
28.629,77.228,5.154830420843463,3,0.6769810968522391,0.4874220400679825
28.629,77.235,10.580293009400085,1,0.5359369411036425,0.08635360082756705
28.629,77.236,6.019012642968841,5,1.929834478194536,0.7123509037996466
28.629,77.237,10.46735919604051,3,-4.445389732650054,0.26161210691262293
28.629,77.238,6.336659812499897,1,4.638432373409963,0.13630180839191172
28.629,77.256,3.587413138030975,2,1.4026368248631866,0.43597555742678257
28.629,77.257,8.09613765656682,3,-1.9911999724840646,0.32981031216410794
28.629,77.258,5.161634771092864,2,-7.043904498703767,0.32458918360155714
28.629,77.259,11.985767985567525,3,-4.213711922587454,0.23102214696383158
28.629,77.26,8.290113743191275,1,-3.000179950763733,0.10764130856125416
28.629,77.261,6.026982539512312,2,0.31418774304075736,0.284617186502758
28.63,77.163,2.376815623276934,1,3.4731764303714603,0.29613698571720615
28.63,77.164,7.290650642978124,5,3.5523064067526007,0.6030889751982029
28.63,77.165,6.097797490408906,19,-0.33220684101415865,2.676886742073759
28.63,77.166,7.154916997979159,10,1.0887863550673575,1.2262540504677195
28.63,77.17,8.298812306826278,1,-3.435261083413044,0.10754061561882455
28.63,77.171,4.863551223413234,1,-0.06931596480088231,0.17054511198043046
28.63,77.182,12.441621123935382,1,-6.867069247177966,0.07439578833384229
28.63,77.183,7.963956959129539,2,-0.5931592111390498,0.2231157522418775
28.63,77.184,5.930765950973,2,1.2997152268469212,0.2885683940487448
28.63,77.185,4.270103521800836,11,-0.031028663643646034,2.0872455264865866
28.63,77.186,5.742957412881796,9,-0.6341457397866268,1.334725914597404
28.63,77.187,10.235442951577797,2,-0.7586508656191948,0.17800811313087922
28.63,77.203,8.026381035369992,1,0.639449060644246,0.11078637120253254
28.63,77.204,4.456231918156501,4,1.9166272364624863,0.7331066677516672
28.63,77.205,8.26596750295514,5,-0.42704115825541766,0.5396090584610166
28.63,77.206,7.505352629458664,3,-2.7248067054721496,0.35271906183047225
28.63,77.207,8.576075847331524,5,-0.36194434800310216,0.5221345444327599
28.63,77.208,5.742979636193369,6,2.8516629886265634,0.8898143437649761
28.63,77.209,5.615564075504083,7,1.964715808294745,1.0581108307784963
28.63,77.219,6.414125668109053,1,4.865261976570682,0.13487767064717782
28.63,77.22,5.741302328506811,1,0.5442486002568154,0.14833928983889655
28.63,77.221,9.49930843770484,3,-3.585892440405729,0.28573310497541715
28.63,77.222,4.709988208320634,3,3.793868790933836,0.5253951305238038
28.63,77.223,7.803612404326001,10,-0.01047178089540406,1.1358973499430878
28.63,77.224,8.788236731902561,10,1.6514018774081918,1.0216344653176648
28.63,77.225,6.649001167311211,15,-0.5120534895072756,1.961040359635979
28.63,77.226,4.721895809434195,3,3.581648010457318,0.5243017524110863
28.63,77.227,3.7759453713184357,4,-0.3097624023689519,0.8375305178366749
28.63,77.236,6.2962652091053215,5,-0.1415920941079655,0.685282107585712
28.63,77.237,6.317634782832363,9,1.0633007561060435,1.2299056002514053
28.63,77.245,5.0746756396281425,12,-0.37734985209252,1.9754141145772472
28.63,77.246,4.824862402890784,12,-0.2650098621341271,2.0601345010389593
28.63,77.255,7.7171963461150375,1,0.3447741602925083,0.11471578249418075
28.63,77.256,7.701837045279129,4,-2.298215032491635,0.4596730528492322
28.63,77.257,9.25492629212892,4,0.20916654808590285,0.3900564359073127
28.63,77.258,9.167707762577578,4,0.7995656053158449,0.3934023374198527
28.63,77.259,6.559625230809738,4,1.427813171436809,0.5291267593131129
28.63,77.26,8.26952529668086,4,-0.3197006519610759,0.43152155822178734
28.63,77.261,8.842997337695214,6,-2.3145749426461655,0.6095704178464127
28.63,77.262,4.880042690132647,8,-0.03907591520952802,1.360534339899415
28.631,77.163,5.204577651192623,3,-0.12967250597568247,0.4835139744642168
28.631,77.164,6.055683719991223,14,-0.9278433918269774,1.9842159251460063
28.631,77.165,6.070457203504708,10,1.155933768408063,1.4143356945917396
28.631,77.166,6.80007708663526,1,-3.6597391316170254,0.12820386117893776
28.631,77.183,5.763023007710608,2,2.679780118919815,0.2957257424260977
28.631,77.184,6.343584567524775,3,-1.3837687163005234,0.4085198410142608
28.631,77.204,4.941191634549188,5,-0.9577395518822598,0.8415820104041123
28.631,77.205,5.8834496553261015,7,0.8323398823713356,1.0169319673288693
28.631,77.206,8.428009532912895,5,-0.3445361268981351,0.5303346355925025
28.631,77.207,5.54223791646039,11,0.530221987240287,1.6813818360723016
28.631,77.208,6.884613216228225,9,-1.2114280593016369,1.1414637285537443
28.631,77.209,6.387101067589555,12,-0.47256014570235255,1.6244532043360354
28.631,77.21,6.051003493508526,1,-3.748006978852244,0.14182378450395683
28.631,77.217,5.638615204759067,2,0.09393188560478372,0.30126764969993247
28.631,77.218,6.038262919036688,10,0.276665462342362,1.4208051212398696
28.631,77.219,5.806336685484659,14,0.2525895864710347,2.056906768931473
28.631,77.22,6.384160414732352,21,-0.29101373006488995,2.8439252156687025
28.631,77.221,5.052328767425594,10,2.0703306387801383,1.6522565749932945
28.631,77.222,5.137696962781009,14,0.3817635513361037,2.2809858624327646
28.631,77.223,8.620640859013474,8,-0.6953823104325327,0.8315454362382613
28.631,77.224,7.544608717906888,8,-1.420472577430989,0.9362628838971229
28.631,77.225,5.49329779028485,19,0.22055351117663596,2.9260940455291364
28.631,77.226,7.602563032412288,6,-0.7643028200110064,0.6974665547225302
28.631,77.231,14.559402690420992,1,-6.2000207140420915,0.06426981934310634
28.631,77.236,4.873505190542543,1,3.5604524872610064,0.1702560851755421
28.631,77.237,5.062676574851441,4,0.9598764644425988,0.6597745980038553
28.631,77.238,5.039266361707894,9,0.4202629572489985,1.4902472355027598
28.631,77.244,6.415761033528604,1,5.451646498893597,0.13484792666305417
28.631,77.245,5.845022830035581,12,0.6889153184916547,1.7530986087211666
28.631,77.246,4.797411454564347,7,-0.5029295884588054,1.2074354312887081
28.631,77.247,6.91645452927605,4,-0.050646609180434066,0.5052766974417012
28.631,77.255,7.343292998423717,4,-1.0847005946041355,0.4794270081076755
28.631,77.256,5.550862316269505,9,1.6040070927407737,1.3738649303692274
28.631,77.257,6.007676875760808,18,0.45936682817591884,2.5686115839988384
28.631,77.258,7.815386754372185,6,-1.6204506580515303,0.6806281071019565
28.631,77.259,7.199810903407289,11,0.355903082041919,1.3414943502452161
28.631,77.26,6.624480474799457,4,0.823410353784308,0.5246259090335215
28.631,77.261,6.147408291330558,13,0.5925786126735351,1.818841105770932
28.631,77.262,6.034043983186985,5,0.430883672731836,0.7108286516193492
28.631,77.263,4.327474359415801,4,0.0008086757201206662,0.7508248243241908
28.632,77.162,5.2205854969655245,4,0.7482880240801631,0.6430262877909559
28.632,77.163,5.345278747155563,8,-0.5604056492245278,1.2607799150803594
28.632,77.164,7.438245181831113,7,-0.7874211836271631,0.8295563649977977
28.632,77.165,5.244393830440159,3,1.4128510004083834,0.48043094037016143
28.632,77.166,9.732795220520487,3,-4.869949999886715,0.27951711910650945
28.632,77.204,4.310916585269988,1,7.1094802612091055,0.18829141522831197
28.632,77.205,7.146866294238504,6,0.10670250440123004,0.7364794981652301
28.632,77.206,7.673958726267247,5,-2.0156374219310784,0.5764380668377587
28.632,77.207,6.212750131900029,8,-1.530552211621117,1.1091469763548552
28.632,77.217,5.9743523602939765,3,-2.370835463672248,0.43014746674966486
28.632,77.218,6.663841497372284,12,0.6605822362749566,1.5657943870726532
28.632,77.219,8.215811280525063,10,-0.7921270057311984,1.0850916642718251
28.632,77.22,6.495412385264917,21,-0.6464654595949539,2.801713757775821
28.632,77.221,6.216102052999679,16,-0.2288094576521199,2.217263542350946
28.632,77.222,6.352463965920794,6,-0.3307568853816358,0.8160529623552644
28.632,77.223,6.245887054860028,15,0.22704183010976825,2.070139913364929
28.632,77.224,4.832986998413287,3,2.036382720433608,0.5143162501161193
28.632,77.225,5.804597079077315,8,-1.3221285071862572,1.1756757831552282
28.632,77.226,5.4134577940283455,15,-0.1109734946795822,2.338831950210493
28.632,77.227,4.966497468667029,3,3.422158970663625,0.5028075543071047
28.632,77.228,7.627809181998539,3,-2.080476181169874,0.3477128360997295
28.632,77.229,2.365360623455966,1,7.218028596939647,0.2971449754983694
28.632,77.23,8.430373695260087,3,1.692907762120065,0.3181210095107754
28.632,77.231,5.319821324145629,3,2.0412059372605005,0.4746969646971099
28.632,77.235,4.06238060904981,4,-0.7247766294015363,0.7901420910251916
28.632,77.236,4.634435406594805,1,6.079548247770478,0.17748007170861407
28.632,77.237,12.293383477105778,3,-7.138830013003834,0.22567617982033547
28.632,77.238,6.667327353343451,10,-0.7334185850106225,1.30423543161221
28.632,77.239,7.35840334978831,2,1.0547307554944774,0.23928014912688472
28.632,77.244,11.8674075324222,1,-6.494410369889494,0.07771573236335952
28.632,77.246,8.66050455957942,4,2.1391165090072337,0.4140570479865437
28.632,77.255,4.926111050218711,3,1.521067555823117,0.506234185383563
28.632,77.256,5.316073369341997,21,-0.04999138124311124,3.3248505474830736
28.632,77.257,6.2883352120427825,27,-0.4297628054880203,3.7045496968068803
28.632,77.258,5.555886784023057,22,0.39974060505316744,3.35576264886313
28.632,77.259,6.288005707065872,13,-0.357264328389746,1.7837527195397544
28.632,77.26,6.76117291536573,4,1.998996876656914,0.515386017502679
28.632,77.261,8.186050697132282,3,0.044013229577944436,0.32658212967805034
28.633,77.159,6.472987824984051,2,-1.0679846078069533,0.2676305711771006
28.633,77.16,5.6279244096415155,4,2.139533419308882,0.6035071845691656
28.633,77.161,11.271356937493293,1,1.3953870159360395,0.08149058047074238
28.633,77.162,6.801931856530141,9,0.5955586748071904,1.1535604470150669
28.633,77.163,5.018818325856342,6,3.3299500056083233,0.9968734185287667
28.633,77.164,6.546278437443502,3,-2.557668355838264,0.3975469530933884
28.633,77.165,5.691822491893553,6,1.8451312251850045,0.8966167299369306
28.633,77.205,8.12630931086904,2,-2.213813431574183,0.21914663769045023
28.633,77.206,3.8216329048519384,1,9.325936976948777,0.20739861779890267
28.633,77.215,4.177471698095036,1,1.0694117238489387,0.19314446477185637
28.633,77.217,6.625635406722025,3,-1.3318015024897534,0.39340983931063495
28.633,77.218,5.448512845592441,5,0.13489767348987272,0.7753725734480781
28.633,77.219,5.121899763980475,2,0.6463637055117148,0.3266959729996616
28.633,77.22,8.619041508239395,4,-0.17311481330949197,0.4158418483352749
28.633,77.221,5.545291698668609,7,0.20503952640304238,1.0694710522105355
28.633,77.225,6.0251440651230475,1,3.7982531721040846,0.1423458352924873
28.633,77.226,6.875780186379971,3,-0.5353269914433477,0.38091464324868646
28.633,77.227,6.447177788095897,8,1.1415693278021184,1.074232444509083
28.633,77.228,10.69019575105639,4,-2.7731388572700926,0.34216706761634325
28.633,77.229,5.326005018889242,3,1.1007790262549408,0.47423294655032666
28.633,77.23,6.832008820421476,11,-1.0687235820167253,1.4044928002785422
28.633,77.231,6.244074966354901,3,0.8208210464154856,0.41413155080993735
28.633,77.234,3.716210066135465,3,-1.4231927152599166,0.6361039813602378
28.633,77.235,6.293250254556883,4,-0.9869432397822795,0.5484523169214942
28.633,77.236,6.666051780160111,6,-0.0897536727975566,0.7826714679293082
28.633,77.237,6.14823673293817,9,-0.19711414958943596,1.2590517544738185
28.633,77.238,7.420326985607569,3,1.6885896026518694,0.35628070087156294
28.633,77.239,4.263716717649712,2,1.0708993717966249,0.3799596572691349
28.633,77.246,5.423190462949235,16,0.5205401133831372,2.4909739314585937
28.633,77.247,5.855860881504078,19,-1.1869953951834582,2.7713514507359247
28.633,77.248,5.7683807080113345,6,0.9479491450984204,0.8864749574293527
28.633,77.255,5.075484128814099,3,0.47931289485861467,0.4937878095626897
28.633,77.256,4.672042421968091,6,1.1401291557081241,1.057820015019936
28.633,77.257,5.355062167808589,20,0.200971310478893,3.147097458984667
28.633,77.258,5.900117494153126,13,0.7626012672509985,1.8840258895613968
28.633,77.259,7.077357038243096,7,-2.3630659637464384,0.8666201044299222
28.633,77.26,9.388499329768477,3,-0.5603785747502202,0.2887808820859653
28.634,77.16,13.241040112116494,3,-5.748174506221684,0.21065877045368014
28.634,77.161,7.312512218251535,14,-0.7943111961982232,1.684208050757582
28.634,77.162,6.412380253149838,11,-0.09724574192732517,1.4840037375747999
28.634,77.163,7.5789737884077155,4,-2.547278162167543,0.46625623281481227
28.634,77.164,5.39138589761881,5,-0.5288682458599488,0.7823029433824066
28.634,77.214,6.697786242789424,8,0.9685913629017736,1.039259827134543
28.634,77.215,4.832109788251812,2,-0.2398644564646144,0.34292907243083715
28.634,77.225,7.029174757702824,4,1.0796953310046251,0.4981832032193075
28.634,77.226,7.916026313454756,4,-2.77267377172802,0.44863034937030055
28.634,77.227,7.609857829657213,3,1.7489638272457915,0.3484378092360952
28.634,77.228,5.317062955546538,2,3.1648080934432796,0.3166028285730397
28.634,77.229,6.020761792933238,2,-2.5927880794617764,0.28486937158487613
28.634,77.233,5.472271704676588,5,1.2483053648043956,0.7725262826013952
28.634,77.234,6.632662126175873,10,0.696212578339575,1.3101588717919856
28.634,77.235,5.403790105752739,5,2.8952081683836193,0.7807876144329485
28.634,77.236,4.059591033131444,3,1.933732741415409,0.5929332984336606
28.634,77.238,8.288002178511908,2,-1.8056626577856782,0.21533156017416366
28.634,77.243,6.603713500799574,1,-2.4453422425170626,0.131514686855948
28.634,77.244,4.716088693578872,4,1.2028306851607125,0.6997792047022244
28.634,77.245,5.878257046409794,3,2.2450139478444173,0.43615700602028146
28.634,77.246,7.038109555917679,22,-0.2380426600040762,2.7369619494428936
28.634,77.247,4.827926367793092,14,0.5877974141898756,2.402226644002967
28.634,77.248,5.497613383179956,15,-1.1747603505489161,2.3085399384995333
28.634,77.255,4.211424220856824,6,0.6746406350713144,1.151316750608632
28.634,77.256,6.871229312284508,3,-2.2553228043670317,0.3811348749956942
28.634,77.257,6.654616178012221,9,-1.6822566233582141,1.175761108160116
28.634,77.258,6.097134661653589,2,1.6484833532693046,0.28180386808864805
28.634,77.259,4.3676110075482475,3,2.7286935032567405,0.5589078634389163
28.635,77.16,7.64468220555526,3,6.064306143211488,0.34703415679897814
28.635,77.161,5.7389261092374895,14,-0.5522876844830973,2.077482342595993
28.635,77.162,5.611688160294316,10,0.7162929105372174,1.5124730261862283
28.635,77.163,7.12974225827418,14,0.20967131754282395,1.722071814238793
28.635,77.164,4.780247916626212,3,7.456251218302632,0.5190088804618307
28.635,77.165,4.2181352135524,2,2.5436074809268634,0.3832786844629196
28.635,77.167,9.605220820955891,3,-4.192376465880876,0.28287954118522524
28.635,77.178,5.010173208574241,3,1.9432255646444545,0.4991536676048098
28.635,77.179,8.034713684541336,2,-0.8516912576362365,0.2213683875142673
28.635,77.189,5.378234314088732,6,1.6118479449074934,0.940699213063832
28.635,77.19,4.952424751712995,10,-0.9982027825730674,1.6799876381674863
28.635,77.191,4.60076645267436,4,0.9223666298620752,0.714187965843497
28.635,77.192,12.884256110911057,1,-5.205181997396611,0.07202402433459447
28.635,77.21,9.84152292442358,1,0.5570074646580068,0.09223796388856206
28.635,77.213,5.616385367756157,7,-0.01595669949334206,1.0579794874272779
28.635,77.214,6.006020938415927,7,-0.8918148720213657,0.9991406051353755
28.635,77.215,10.371178131214927,1,-6.894028732600766,0.08794163528710436
28.635,77.226,5.48402181832062,5,-1.7184695914359374,0.7711263379577914
28.635,77.232,4.480812759770264,10,-0.9591746530480483,1.8245469127135743
28.635,77.233,4.858882049633697,10,0.8345798881992312,1.7068102609481974
28.635,77.234,6.003709640874633,23,-0.7294876121137783,3.283973948001609
28.635,77.235,5.652896655244277,5,-0.5328298496276452,0.7515523326307273
28.635,77.243,4.764012704016617,4,-0.12377754723935674,0.6939609965142208
28.635,77.244,6.364204546308921,4,1.5770450664310234,0.5431679653717489
28.635,77.245,7.332202616177651,7,-1.1921103840724088,0.840113991756385
28.635,77.246,5.46071628668143,10,1.4661262877121306,1.5478159938108869
28.635,77.247,6.868227740996724,8,-0.3494878257697749,1.0167473875110005
28.635,77.248,6.212260732861035,7,0.8644439088102873,0.9705694593244645
28.635,77.256,6.016534354480177,5,1.4255976453531698,0.7126025110683617
28.635,77.257,8.401073796977414,2,-4.633560923295366,0.21274165517592575
28.635,77.258,3.843847197963877,1,3.6885449967346315,0.2064474701886452
28.636,77.159,8.277877595182193,4,-2.287537911108453,0.43113308609256884
28.636,77.16,4.071259693033068,13,-0.02110176058410464,2.5634656450071946
28.636,77.161,4.96562829930514,2,2.3537914897531227,0.3352538743040619
28.636,77.162,8.05138746213134,4,-0.6151133809183797,0.44192119901340693
28.636,77.163,6.4510020091108755,10,-0.6498800234783906,1.342101369422835
28.636,77.164,7.50454900301959,6,-0.6165492858830242,0.7055047831307297
28.636,77.165,5.610004918301405,9,-0.02024197019850406,1.3615723605713685
28.636,77.166,9.212238610794099,2,2.2041025322844323,0.19584344591067882
28.636,77.167,4.9181372026264825,5,1.5057894237520262,0.8448604398324846
28.636,77.177,5.369580680965665,5,-1.6252403840170941,0.7849810294328466
28.636,77.178,5.314461866355497,8,0.6231533720588296,1.2669329816726473
28.636,77.179,7.870256110111751,5,-0.2601982976994684,0.5636815823502765
28.636,77.18,7.094676368901926,2,-0.15562680631378178,0.24707596806261295
28.636,77.181,6.250089863747121,2,1.8539400409102913,0.27585864969766377
28.636,77.189,2.957252484556926,1,3.964474994504593,0.2527005804917613
28.636,77.19,5.08907673932442,17,0.08491683468500334,2.7918846695116772
28.636,77.191,5.471816901837101,15,0.007446732320954178,2.317741714191895
28.636,77.192,6.454031217563879,2,-1.974730265433529,0.26831119184038493
28.636,77.21,5.438347909424061,2,0.7784030111595914,0.3106386961587649
28.636,77.211,5.55137252841659,11,0.48432156989599523,1.6790374768474057
28.636,77.212,6.479341678510231,10,0.3779458244413482,1.3370160677018095
28.636,77.213,5.35492628655618,8,1.0947292524114896,1.2588659001323061
28.636,77.214,5.891890923962958,2,-1.5674065065835125,0.29019611918784766
28.636,77.226,2.631731738431227,4,3.2149719897668367,1.101402936145237
28.636,77.231,4.878611545915321,1,2.474695616041556,0.17010819513918
28.636,77.232,5.51319867842178,11,1.1194338875233747,1.6888783135762444
28.636,77.233,7.956524005783117,14,-1.433590468930727,1.5631064005366786
28.636,77.234,6.648112814750879,5,0.3714841857561414,0.6537560468978078
28.636,77.235,7.379958392989018,5,-2.0122511662934093,0.5966616736645357
28.636,77.242,7.707992397462397,2,-2.928180238017484,0.2296740636317989
28.636,77.243,5.900861578159732,3,2.9151309930895244,0.4347283257346566
28.636,77.244,8.640055796401167,2,-1.2405680973000837,0.2074676788433778
28.636,77.245,7.180138278241789,2,-3.115950228973661,0.2444946444633786
28.636,77.246,6.253824165137697,9,-0.5384481735236119,1.2407248638937962
28.636,77.247,7.050231138326733,4,-0.8775855938055989,0.496880143100017
28.636,77.248,4.179753338471257,4,1.7676981902566151,0.7722375446512194
28.637,77.159,7.418905629140059,2,1.2409396398746182,0.23756056762027014
28.637,77.163,7.5029388555123075,4,-0.6709864886054699,0.47042558672603757
28.637,77.164,5.071185677595579,12,0.41594962109815525,1.9765496621662308
28.637,77.165,6.333300935767479,8,-1.1137867121591902,1.0909139104029892
28.637,77.166,3.6732463069129357,2,3.5565722845632584,0.4279680266459494
28.637,77.167,9.98512793643041,1,-3.164782576027428,0.09103216692485308
28.637,77.176,7.514392035362858,2,-0.0034461698028809273,0.23489639561972153
28.637,77.177,5.246414030241196,14,0.809870917942735,2.2412859493816506
28.637,77.178,6.213166564063176,24,-0.6159871917311935,3.327248828492434
28.637,77.179,5.455693787335821,20,0.6907849708267563,3.098040374720706
28.637,77.18,8.913098628292571,3,0.5364031394068384,0.3026298953021432
28.637,77.189,3.9117803305641417,2,3.0061894439414916,0.4071843334594506
28.637,77.19,7.187334719957845,7,0.8021848618223055,0.8549790914174376
28.637,77.191,6.692758248242958,11,-0.1328364365302317,1.4299162465572635
28.637,77.192,5.325577930876235,4,-1.3734087612537649,0.632353287511535
28.637,77.21,6.201328524675321,3,0.5527930599044386,0.4165897986351425
28.637,77.211,6.857659802256041,16,-0.09804501941430255,2.0362296666758444
28.637,77.212,5.8985856229617655,16,0.35744984790313444,2.3193159981582907
28.637,77.213,5.519447551142671,11,-0.6162659295919096,1.6872595283126433
28.637,77.214,7.982259761905686,1,-3.72661798669004,0.11133055895812112
28.637,77.225,10.092370072657577,2,-4.541006364803975,0.18030411777641206
28.637,77.226,4.516449669429315,5,1.5440524444341455,0.9063800631969252
28.637,77.228,10.435288124623469,1,-2.5845275376771193,0.08744860550095909
28.637,77.231,6.1232739063192065,8,0.5488445572919411,1.1230790932948727
28.637,77.232,6.005639300628549,6,2.1842108778861253,0.8564528863856404
28.637,77.233,6.883545987979056,13,-0.9218110039308922,1.6490041435443628
28.637,77.243,10.547580089559467,1,-3.6473417458702126,0.08659823029970856
28.637,77.246,6.826571946481504,2,0.35597775251772656,0.25553971951910764
28.637,77.248,5.622257471535043,3,3.118753196067102,0.4530177228679389
28.637,77.249,7.595031822471903,8,0.5094872196004597,0.9307702595217648
28.637,77.25,5.787027441172793,2,2.154776428312329,0.29467981636072504
28.638,77.159,4.682739212363043,3,-0.09705033863329045,0.5279144243454584
28.638,77.16,6.3519378651730145,2,-0.794276963223062,0.27203711955649584
28.638,77.161,7.057913754867535,3,-1.813384269919175,0.3723048038566798
28.638,77.162,17.850849621506683,1,-9.834086957510175,0.05304800685795686
28.638,77.163,8.095815198032948,5,-1.1989899511756605,0.5497033406177046
28.638,77.164,4.799169670670574,17,0.9561471259454154,2.9314541504067155
28.638,77.165,5.043205183149564,5,-0.9671622490418821,0.8273755148909453
28.638,77.176,4.546913460901509,5,-0.5373039840396345,0.9014022005649567
28.638,77.177,6.136390958908906,7,-0.9014895822557089,0.9808879642813517
28.638,77.178,6.859057086423555,7,0.37658554890646767,0.8906920923239547
28.638,77.179,6.981655521962346,16,-0.9303803540723531,2.0045966599252942
28.638,77.18,6.420579148812769,11,1.2951037431207788,1.4823640822913273
28.638,77.181,6.877874579797213,9,-0.602888475057637,1.142440122502137
28.638,77.182,3.9796093487739475,2,4.609760789297908,0.4016379317972863
28.638,77.189,6.74488366125265,3,-1.1353222664093892,0.3873524937513113
28.638,77.19,6.228032796293459,12,-1.5878803739486793,1.6602027603075638
28.638,77.191,5.3833308264384065,8,0.24194186529294237,1.2532641997600518
28.638,77.192,6.991878003460214,11,0.4593392268318686,1.3763973868516723
28.638,77.211,13.29521792354322,1,-3.5408213464279132,0.06995346313350496
28.638,77.212,8.034136912013532,6,-1.7956263828450663,0.6641475614589416
28.638,77.213,6.511758683191565,9,-0.770783700222307,1.1981215557601108
28.638,77.227,5.7090514175524385,5,-1.1484085726814945,0.7452618393889242
28.638,77.228,6.169528744566786,7,1.299700294517639,0.9763542694915258
28.638,77.229,4.573513917715178,6,-0.5586614090142638,1.0765201430518105
28.638,77.23,8.211959936144103,8,0.26891505671712274,0.8684362562858259
28.638,77.231,5.751175864337208,20,-0.4118093543294551,2.9624468984209296
28.638,77.232,4.876694920592671,8,0.7774804954399442,1.3613093938170933
28.638,77.248,6.664749013513722,2,-0.6396270358108231,0.2609348325005554
28.638,77.249,6.036336173454218,13,-0.7444765833957263,1.8475524306306916
28.638,77.25,5.560705382505513,3,2.705343883029261,0.4572679041494025
28.638,77.251,5.666201811767269,3,-0.601859524161144,0.45003137989377395
28.638,77.252,6.871912316077538,8,-1.2140596012174258,1.0162714825546082
28.638,77.253,7.884443547484379,2,-1.6115428745956777,0.22511257900516438
28.639,77.159,5.458900851488199,9,0.5258028967182601,1.3934259414937922
28.639,77.16,7.0538066826291,5,-0.1115702912258536,0.6208244370682847
28.639,77.161,5.687855683304356,25,0.00778938681356939,3.738118940336931
28.639,77.162,7.66501949170807,7,0.06618601749562039,0.807845845782413
28.639,77.163,5.9967350087519815,2,0.9655208035222564,0.28584761285060345
28.639,77.164,9.067787612431731,2,-1.9041485785124816,0.19865337619263984
28.639,77.165,7.810085853168137,1,1.0663105651164981,0.11350627186458083
28.639,77.179,6.412799617849588,25,-0.05961796991196572,3.372544961258829
28.639,77.18,7.00451791176224,10,0.033817150378953234,1.2492944747247676
28.639,77.181,7.4830634803880525,13,-1.6599971376277256,1.5324652503255018
28.639,77.182,3.762210358411201,12,1.2361559729429272,2.5198382887066577
28.639,77.19,3.078478765815084,1,4.208741204495804,0.24518945847696477
28.639,77.191,7.3618127455060645,5,0.09416614003138388,0.5979564661606633
28.639,77.192,6.543127952806358,3,2.104729236851053,0.39771299370361
28.639,77.193,5.658417842517974,3,-0.36089369096363794,0.4505574854199159
28.639,77.209,5.125238815710367,2,4.189208274432671,0.32651788120820435
28.639,77.21,4.742185787191535,3,3.140031843178141,0.5224491354305831
28.639,77.211,6.592633393485353,5,-0.30840697937820727,0.6585330465566941
28.639,77.212,6.914984816999785,16,0.2034193239863713,2.0214820836592433
28.639,77.213,6.580782645977574,13,-0.11401560673224334,1.7148625157981423
28.639,77.214,6.279981923682673,3,0.72591118843131,0.4120889353091156
28.639,77.215,10.25210132676303,1,-1.805136372557815,0.08887228891385009
28.639,77.228,5.8183708447747815,5,-1.3395907931422608,0.7333130030367475
28.639,77.229,5.7803555838934395,12,0.5798671701619607,1.7698186845105428
28.639,77.23,7.644768362296137,4,0.0789803769345152,0.462707597515957
28.639,77.232,4.598691745566522,3,-0.9362787616727524,0.5358394668496677
28.639,77.249,11.47789275670958,2,-4.882699927057746,0.16028347406051918
28.639,77.25,5.363247561702544,6,-0.4118464886773765,0.9429147525410194
28.639,77.251,4.8833920793506325,22,-0.10084635835300979,3.739339432640397
28.639,77.252,5.44421199461274,13,1.510784897393007,2.017314143431004
28.639,77.254,8.503423783732222,3,-1.6396160586938215,0.3156757047007987
28.639,77.255,6.249597224697311,5,-1.3303905258123978,0.6896934884832533
28.64,77.16,4.187254117373602,2,3.5183757900588475,0.3855604438775086
28.64,77.161,6.25492951200212,13,0.4590571983457092,1.7918850870285616
28.64,77.162,6.6903162121577395,8,-1.2924661642420059,1.040269317840621
28.64,77.163,4.486837734588212,10,0.8767163331811194,1.822543418217288
28.64,77.164,5.23453571816529,8,0.9286146222806668,1.2831749406280175
28.64,77.179,5.117916959054521,7,0.5839310603670498,1.1441802899334872
28.64,77.18,8.389145278516946,1,-2.598908491698862,0.10650596729907603
28.64,77.181,5.6011519569031645,26,0.9816446006033998,3.938706481799811
28.64,77.182,6.5567725139849,23,-0.8875673816668893,3.0436274159947487
28.64,77.183,7.488051528728521,5,-1.776359865055698,0.5890633419315471
28.64,77.184,3.4718604656978416,1,2.1177502124952996,0.22362057306364283
28.64,77.191,9.790936417993617,1,3.35097775021317,0.09267036346655931
28.64,77.193,9.722866159199683,1,-4.168853827204538,0.09325864793547292
28.64,77.209,8.852685133398143,4,-2.8950585585383775,0.4059806992553734
28.64,77.21,5.758572243810762,12,0.007457107841282988,1.775522931043481
28.64,77.211,5.004966976610192,16,-0.012496753578047803,2.664460947465861
28.64,77.212,6.135745557584599,19,-0.23753898066988102,2.6626509937430236
28.64,77.213,6.963551375006323,8,-0.49977491950950936,1.0045769309793207
28.64,77.214,6.07856428026603,14,1.3125934847598424,1.9778021991027035
28.64,77.215,8.886987568581592,4,-1.1409138940831514,0.4045721684440075
28.64,77.216,5.293231133465869,5,-0.4526686385115049,0.7945044276875862
28.64,77.229,7.400620112172272,3,-3.9088654551675575,0.35711649377562976
28.64,77.23,3.87599720889386,2,3.4441120112240022,0.4101725071441762
28.64,77.231,6.1612597901099795,1,6.019004948749445,0.1396402350018142
28.64,77.232,10.084739325609018,2,-3.1509835458773523,0.18042823933436214
28.64,77.233,4.987213375912103,5,1.991310340325549,0.8351130460985602
28.64,77.249,4.581433904233943,13,0.8011708032301477,2.3291505772626833
28.64,77.25,5.328111162198565,18,0.27155498257042665,2.8444506644453904
28.64,77.251,5.996194268474047,10,0.17189138635187562,1.4293485309665535
28.64,77.252,4.979017691780791,6,0.07608469243891829,1.003509323654963
28.64,77.253,5.816893168839623,1,-1.6769134080471524,0.14669439218602584
28.64,77.254,5.652604673702859,17,0.5488829952268708,2.555390081602091
28.64,77.255,6.682140532280722,8,-0.26027351839662083,1.0413764192914223
28.641,77.16,8.550754017335636,2,-0.14382393124561732,0.20940755006042316
28.641,77.161,6.638219522111423,8,1.8529468644034879,1.0473645038403623
28.641,77.162,6.770128584769737,14,-1.213116155412733,1.801771984499904
28.641,77.163,7.170549308576215,2,-3.100924968781367,0.2447815837670425
28.641,77.164,5.051100695869723,6,-0.25765852832120556,0.9915551403888218
28.641,77.178,6.312840319113612,3,-1.286105141748657,0.4102373180717324
28.641,77.179,7.429759370704472,2,4.808428387725085,0.23725469637371874
28.641,77.18,12.823308956537582,1,-1.0695796564199593,0.07234157922275629
28.641,77.181,7.320332175638912,7,-0.27598513481484915,0.84131256447853
28.641,77.182,7.109893221322054,11,0.6360534001893033,1.3563680433028942
28.641,77.183,8.262714807867024,1,-0.39923579375544715,0.1079597095174169
28.641,77.184,5.114526484896494,2,2.143897804129458,0.3270899234699865
28.641,77.185,8.077640963919595,2,0.03962099637582561,0.22032155798508565
28.641,77.186,4.627643748604023,7,-0.0970639286816759,1.2438598306327402
28.641,77.19,5.384318736884201,7,0.27162880384047833,1.0964364857848992
28.641,77.191,3.5353804243024727,12,-0.45734538770638117,2.645864046089488
28.641,77.192,5.493540926094219,6,1.445827540250496,0.9239951004064776
28.641,77.207,1.706776010723829,1,0.8928319347151956,0.3694432032935693
28.641,77.208,6.945483547266406,10,0.1979343228375992,1.2585766417501976
28.641,77.209,8.963969742335683,12,-1.180339844675762,1.2043392654047789
28.641,77.21,5.665722790930001,19,0.7221301449464346,2.8504035640145666
28.641,77.211,8.296626342368642,5,-1.2986663259401705,0.5378295110359437
28.641,77.212,6.2121394374038506,7,-0.35938414396646656,0.9705857825898865
28.641,77.213,7.678785947669534,1,-0.7281271029407659,0.11522348932554607
28.641,77.214,5.717401809043615,14,0.659025854487713,2.084139135633043
28.641,77.215,5.984890901388435,12,-0.9516601262841332,1.7179939056191524
28.641,77.216,5.926571856357551,3,2.1446952980164458,0.43311468677632375
28.641,77.217,9.352114254101412,1,-3.834924632846959,0.09659862473057707
28.641,77.218,6.588568945242195,4,-0.5320814406804453,0.5271086062290941
28.641,77.219,6.019709455262137,13,-0.23562998487106473,1.8519284997265661
28.641,77.22,4.446860188889382,3,0.2207897790528568,0.5507760243450827
28.641,77.23,11.992877029615245,1,-2.7145592053302874,0.07696524778312419
28.641,77.231,6.328479316445144,9,-1.1192442333765893,1.228085611131351
28.641,77.232,6.147424904124157,12,0.39482508195187305,1.678926349135315
28.641,77.233,8.167138402655272,9,-1.8407294457645402,0.981767657985085
28.641,77.234,12.201516133543475,1,-0.6646865982515351,0.07574887534766704
28.641,77.249,6.216227690040679,8,-1.2059444093594123,1.108612469509662
28.641,77.25,6.341926869279111,8,-0.4071413718309656,1.0896322099685398
28.641,77.251,7.1498785986335225,9,-1.6781520499498912,1.1043109282031534
28.641,77.252,5.688877040159585,3,1.374584476890438,0.4485057778739532
28.641,77.253,6.157766516623664,8,0.810665114646988,1.1176670797266546
28.641,77.254,7.567105782147863,5,0.15674637597904492,0.5836276716016512
28.641,77.255,5.777580487276522,10,0.02026967833672435,1.4754527841864646
28.642,77.16,6.702290157519004,1,1.538460142769761,0.12983151498438375
28.642,77.161,4.822710082124573,9,0.8003618336212631,1.5456720106380615
28.642,77.162,7.404316044749367,5,-2.6916073566374648,0.5949324101303605
28.642,77.179,11.700908460202212,2,-5.497233530497306,0.15746905083734128
28.642,77.18,5.387068117493501,2,3.013857558818175,0.31313271804980636
28.642,77.182,6.718858887541354,7,0.22078101393448663,0.9068697979824932
28.642,77.183,6.828012681219668,6,-1.4215278530710111,0.7664780633780413
28.642,77.184,2.3123021000993123,3,0.690754156812981,0.9057144877908484
28.642,77.185,7.8175019090350215,4,0.27139000116139567,0.4536432247212018
28.642,77.186,6.07538827199142,9,-0.3683226592677207,1.2720149981913125
28.642,77.187,4.29622768533421,8,0.47097782052572473,1.5105090784055242
28.642,77.188,9.86486763764307,1,1.641274157024636,0.09203977750592564
28.642,77.189,7.544848169187999,10,-0.5567191922384981,1.1702958088897537
28.642,77.19,4.245988336505479,9,-0.28008792193650955,1.7155966469409247
28.642,77.207,6.650094600020581,6,-1.1921486644456742,0.7843040267742386
28.642,77.208,6.3316989069315355,5,0.793692791576639,0.6819701768266697
28.642,77.209,6.008364010697371,11,-0.46080463306079233,1.569553177205109
28.642,77.21,5.339420107878432,11,0.17349445571028088,1.7351744817052819
28.642,77.212,5.814338131439546,7,0.08421528875480432,1.0272457669371966
28.642,77.213,5.578113845113063,7,1.3460775599212609,1.064134821138792
28.642,77.214,5.8903699462992,8,0.07233015275545862,1.1610407078790856
28.642,77.215,6.495538387897016,20,0.1994249091548129,2.66825396188936
28.642,77.216,6.097181891629785,18,-0.7378587815324944,2.5362179347874245
28.642,77.217,5.861072994852352,10,-0.4664958837519534,1.4574979755357051
28.642,77.218,6.177400472529218,9,0.49907297161751824,1.253935883116262
28.642,77.219,5.19627657486934,8,-0.057783873354265713,1.2910979526714712
28.642,77.22,3.487598886047836,1,2.7715063738667203,0.22283631523063452
28.642,77.226,5.503525491773241,5,0.008573609419916473,0.7688137774388439
28.642,77.227,5.21399983976646,9,0.09870413730910056,1.4483424898733577
28.642,77.228,6.5461264818187495,3,1.7691876096540462,0.3975549584582297
28.642,77.229,5.33642007551585,6,-0.5817088518514216,0.9469069172329989
28.642,77.23,3.0911793589209053,1,-0.03561510054702843,0.24442829616342246
28.642,77.231,4.845983037328733,5,2.528936756849403,0.8552881471042897
28.642,77.232,7.135381768874969,24,-0.42042133592498165,2.950076675174757
28.642,77.233,5.174655016690766,10,0.4244416316891259,1.6195236775121702
28.642,77.234,8.355379298097398,6,-1.7532386599920387,0.6413422490759106
28.642,77.25,7.419794849803965,1,1.2809424301525052,0.11876773933788691
28.642,77.251,4.776690807244821,4,1.1268632364975368,0.6924379603255572
28.642,77.252,7.3650312657941805,9,-0.21822346327716374,1.0759075147515944
28.642,77.253,5.746036505257922,16,-0.15615648149789652,2.3717630326384174
28.642,77.254,5.287752620008333,9,0.42047730270461575,1.4313540216835172
28.642,77.255,5.949293597143221,9,0.08197603347907882,1.2950956632052215
28.642,77.256,6.513691488873218,10,-0.9098518235756284,1.330903726192202
28.642,77.257,5.475348885706586,1,9.630545835926135,0.15443183334991542
28.643,77.16,1.9414516289637689,2,3.7014248129405636,0.6799363893345991
28.643,77.161,3.789142972053736,2,2.736561849855555,0.4176112535521855
28.643,77.162,6.261351119252765,2,2.5053936691121006,0.2754308347240219
28.643,77.178,8.274283181633937,1,-1.6935565934360053,0.10782504484878375
28.643,77.179,5.243342132035567,1,3.03094104959837,0.16017062317774375
28.643,77.182,5.7508984670594065,3,3.0295758537417483,0.44438529399283894
28.643,77.183,6.428857178349048,11,-0.866307092215927,1.4807122732227012
28.643,77.184,6.673181437174528,14,-0.38441069598861216,1.8245365517064036
28.643,77.185,6.92621742428453,11,0.4152360111595193,1.387799427037914
28.643,77.186,5.728985725814135,7,-0.1283698531188334,1.0402756500353663
28.643,77.187,8.379131098502269,3,-2.8200337000078064,0.3198590539457395
28.643,77.188,6.2332419874394835,6,-1.102880553638177,0.8295035629139732
28.643,77.189,5.933457382715667,10,0.53664553041679,1.442281887378277
28.643,77.19,7.732835358770088,6,-0.849550829758913,0.687062077034855
28.643,77.208,5.795521903674089,3,1.8062234737747946,0.4414671959747507
28.643,77.213,5.524112842702217,3,-1.135479995611569,0.4598326350770831
28.643,77.214,8.285160236935445,6,-0.42972705534691197,0.6461924023812315
28.643,77.215,5.443335076187776,24,0.40792438213121107,3.7247791269920563
28.643,77.216,5.0969870971787135,14,1.0688830085754557,2.296216110819438
28.643,77.217,8.244354885967802,9,-1.7649693444436718,0.9735671240468372
28.643,77.218,6.668866468255172,2,0.5347646475765675,0.26079473521659086
28.643,77.219,7.210747047568951,7,1.051089736449096,0.8525411828479809
28.643,77.22,9.763335626739128,1,3.7361676241125075,0.09290800126270532
28.643,77.226,7.078800992849092,5,-0.78179977443814,0.6189037215331487
28.643,77.227,6.612467114713583,8,-0.49640157402826723,1.0509076596912166
28.643,77.228,6.232923926421363,6,1.4493543208590993,0.8295400395519744
28.643,77.229,4.936567400849089,15,-0.1840948087816642,2.526712658539781
28.643,77.23,5.027693824434273,8,1.5268243086427042,1.327207425096917
28.643,77.231,6.019328195373402,16,-1.4648801665953688,2.2794204166925778
28.643,77.232,4.607986959140532,10,1.0834479944716313,1.7831710510133887
28.643,77.233,6.445939444519527,22,-0.07075968655695779,2.95463052901844
28.643,77.234,5.395107210717891,13,0.8665936970480099,2.0328040753112986
28.643,77.235,9.619357590005132,1,-5.385113377974636,0.09416765482510857
28.643,77.252,10.547131652129941,1,-0.40557017485686053,0.08660159337626878
28.643,77.253,7.823080587060057,4,-2.543443633801067,0.4533563941222985
28.643,77.254,5.757220852977494,7,0.6564042899683543,1.0359288459419715
28.643,77.255,5.7401976339848435,8,-0.7389910443429473,1.1869088169852897
28.643,77.256,6.54383830352212,9,-0.49267293769748793,1.1930266315223137
28.643,77.257,8.302791633499211,1,3.981967644145609,0.10749461445519377
28.644,77.16,8.210669111212844,4,-1.818200501274362,0.4342789814401754
28.644,77.161,7.145197732886232,3,-2.2646423922291974,0.3683151837907509
28.644,77.178,5.524161048395133,3,1.876625620382428,0.4598292374676994
28.644,77.179,6.428412181945433,2,-1.3040210210832432,0.26923654086682874
28.644,77.18,4.81567588571839,6,0.11909390905537443,1.0316943581285636
28.644,77.184,4.73879894922268,15,0.5462396238396351,2.6137873329804924
28.644,77.185,5.301212791934453,12,1.0632962592587127,1.9043952959912718
28.644,77.186,8.711966565641077,2,-1.2231642154007616,0.2059315161849491
28.644,77.187,3.996214252182417,1,-0.863880488890735,0.20015154465467244
28.644,77.188,7.009083050612604,2,1.7269249380198044,0.24971647657555787
28.644,77.189,4.561325974531038,1,2.3741056528044844,0.1798132324160922
28.644,77.19,5.203811043424134,6,0.9318897107120692,0.9671474450144372
28.644,77.193,3.146020107273383,2,1.8162176121207965,0.4823903281345381
28.644,77.195,6.249348075859481,3,-0.7877076187732435,0.4138303153065692
28.644,77.196,13.316786796086108,1,-3.1478328408477143,0.0698480751472375
28.644,77.197,8.073420759872704,4,0.9577686312923435,0.44084806666191884
28.644,77.198,8.203878587984862,1,0.6869389542814712,0.10864984695750364
28.644,77.199,2.3076202712994194,2,3.3877657340011096,0.6046643314391974
28.644,77.214,4.48383834569971,1,6.572017502061102,0.1823540259504869
28.644,77.215,7.456742004546697,6,-2.4602101209739415,0.7094930880916256
28.644,77.216,5.616305524907725,2,6.97770854451955,0.30228350133935106
28.644,77.217,10.970043873534848,1,0.8778600652066473,0.08354188260002526
28.644,77.219,6.375676318039327,10,-0.10695872320251087,1.355807870193834
28.644,77.22,6.650325094835386,7,-1.231956081019589,0.9149937961101273
28.644,77.228,6.349121895119164,10,-0.07191410748261048,1.3607067813967526
28.644,77.229,6.856169683380348,17,-0.3616896542894719,2.16390438154147
28.644,77.23,5.1605240281878215,19,0.39420327499062174,3.0841532170095336
28.644,77.231,6.096133726810631,22,-0.11052822680213469,3.100279792766523
28.644,77.232,8.164718426180434,16,-0.26410734287125576,1.7458255950661319
28.644,77.233,5.964723397565238,33,-0.1868150912528722,4.738163759889775
28.644,77.234,6.906767369917377,5,-0.013158998104490394,0.6323696861277769
28.644,77.252,6.1135352712584465,9,2.01372252256619,1.2651936986049162
28.644,77.253,7.971661564418065,8,-2.0418478305901027,0.8916965873666356
28.644,77.254,6.524179273396838,4,0.31082616132479157,0.5316194437501985
28.644,77.255,6.729652183202097,8,0.27101929898561106,1.0349754180900166
28.644,77.256,7.374969537612008,4,-1.236564535863385,0.47761367752276473
28.644,77.257,4.730891412492387,2,1.5984281364990998,0.3489858481073876
28.645,77.16,4.841441297896379,4,2.027208480747704,0.6847625091157692
28.645,77.161,4.66498279299587,1,-1.8611804079253669,0.17652304279483255
28.645,77.176,8.92895639695234,1,-4.209341058466058,0.10071551933765634
28.645,77.177,7.18939511349011,3,-0.3706234518073777,0.3663274220410006
28.645,77.18,6.0733833365117755,7,0.004755369138937355,0.9896254263312747
28.645,77.181,5.438565403378214,6,0.3510962041179984,0.9318846084644716
28.645,77.182,5.315841007130975,4,-1.1897113621723754,0.6333281657159756
28.645,77.183,4.672235666739499,7,0.6295829248577406,1.2340813060793934
28.645,77.184,4.774166917451004,11,-0.5416791933598598,1.9050367191075126
28.645,77.185,6.684452326198694,11,-0.7233394299514789,1.4314618053517711
28.645,77.186,4.737722313871977,10,1.3211598402909306,1.742851858798255
28.645,77.187,6.4514593749398825,10,0.9802286452314959,1.342018992095851
28.645,77.188,7.022008581031488,5,-1.2462553368405112,0.6232852968797358
28.645,77.19,5.135721148723842,5,1.1838248903753574,0.81490013623581
28.645,77.191,8.859351789722098,1,-3.9753715335639823,0.10142654622005193
28.645,77.192,12.343473783232081,2,-8.003296620188127,0.14988600663444002
28.645,77.193,5.011090101805896,5,-0.9074267493378851,0.831795883162334
28.645,77.194,6.767735972067703,11,-0.9083102289723854,1.4161140439833844
28.645,77.195,4.273001545216626,12,-0.5923737252226088,2.2757436911593043
28.645,77.196,6.992924736987459,8,-0.0004201116871945243,1.000885190746236
28.645,77.197,5.544797111847186,8,-1.0349915570581452,1.222344996076143
28.645,77.198,4.877642450068399,4,1.6711584693113228,0.6805449691744095
28.645,77.199,6.055550496710181,4,-1.246722155298523,0.5669295403477157
28.645,77.216,13.571625453552603,1,-2.929559327078376,0.0686265237318598
28.645,77.22,7.608901893059118,5,-0.05409647732590912,0.5807941665627789
28.645,77.228,7.632715912284704,11,-0.41556608274974277,1.2742224013588301
28.645,77.229,6.373549177905875,22,0.3910212738316728,2.983637793577192
28.645,77.23,5.187913870524358,20,0.47564453933245937,3.2321070426122813
28.645,77.231,5.45648311847915,26,0.29449116582617163,4.026960114800765
28.645,77.232,5.222933085388014,17,1.290807923640516,2.731830756772473
28.645,77.233,5.344937695284827,18,0.22261941480469932,2.8369072896297327
28.645,77.234,6.6144805656287655,1,4.088313440586145,0.13132872181904703
28.645,77.251,4.064642270985599,1,7.634243899992306,0.19744731147722228
28.645,77.252,4.879718592875591,1,8.04063446811068,0.17007616677636447
28.645,77.253,10.601260459709948,2,0.8316603276818482,0.17239506060102744
28.645,77.254,6.821498562100809,9,0.5008620614550877,1.1506746346038645
28.645,77.255,5.575844193556072,22,0.11853110164240376,3.3455780508848836
28.645,77.256,10.498415962600923,1,1.5910739090116692,0.0869685009876614
28.646,77.159,5.06118198953779,6,0.4246834055499414,0.9899059309482217
28.646,77.16,14.312206089158504,1,-4.218420020464574,0.06530737597033974
28.646,77.177,5.368172173522582,4,0.5971207933279761,0.6281237207484895
28.646,77.178,5.426753907806839,1,0.5599765613225429,0.15559954750799768
28.646,77.179,10.522273532887956,2,-3.1681092240998283,0.1735768548013907
28.646,77.18,4.658224703365757,5,0.8869839534160674,0.8836693949297884
28.646,77.181,5.238925914400558,5,-1.0868798323893771,0.8014199989871822
28.646,77.184,7.899805582341979,3,-3.9272292267794167,0.3370860152217563
28.646,77.185,6.130178613998052,11,0.24600654679100398,1.5427383513793986
28.646,77.186,8.254010549087624,4,1.6271004177568698,0.43224502271551546
28.646,77.187,5.819210964897432,26,-0.13701222231875876,3.8127578298776195
28.646,77.188,7.121705888245466,13,-1.1823836521722544,1.60064894972556
28.646,77.189,5.888925470111306,8,1.1859497406807264,1.1612841559557099
28.646,77.19,5.800184817346256,6,-0.23860259632844763,0.8823289603386801
28.646,77.191,4.441294301364073,3,4.24289482039175,0.5513394118836639
28.646,77.192,5.557510917481946,12,0.11853752043977406,1.8299626414663972
28.646,77.193,5.475318106874793,4,2.6797293981525843,0.6177302696145897
28.646,77.194,4.91319949456527,13,0.24822342425507793,2.1984714048541907
28.646,77.195,6.199241495529957,11,0.34418954510657723,1.5279387428286648
28.646,77.196,6.6057715276899795,5,0.8234685754661143,0.6573955031119108
28.646,77.197,4.395490180401581,1,6.614799660569326,0.18533997219240067
28.646,77.215,8.427061367756183,6,-2.053044519445677,0.6364655713945047
28.646,77.216,5.664941943607296,2,1.1115000972087956,0.30007763262188764
28.646,77.227,7.406130789080262,3,-1.2032904875245969,0.3568823844493429
28.646,77.228,7.0748585242932,10,0.34514840715556083,1.238411790115581
28.646,77.229,6.896161060998275,3,3.0796865120566426,0.3799314599619785
28.646,77.23,6.599865049428445,5,-0.5743972441103351,0.6579064190588528
28.646,77.231,5.641740714935592,22,-1.1154126504821897,3.312384650988795
28.646,77.232,5.8931111135035685,6,-1.0844220879405937,0.8704342496737114
28.646,77.233,5.424311471783173,9,-0.0022868525404442755,1.4009283390959097
28.646,77.252,9.045280245519884,5,-1.3793786585817798,0.4977461930173587
28.646,77.253,4.051977657943057,5,2.2481383676641604,0.9897114236320237
28.646,77.254,9.353309550326284,5,-3.3860698108477143,0.482937361787123
28.646,77.255,5.846973030176972,6,0.6308395739661594,0.8762996397905951
28.646,77.256,6.824329730558252,9,-0.23327173833995493,1.150258272584055
28.646,77.257,5.234182222191699,3,2.8500818316392356,0.48121788761979994
28.647,77.159,7.123040308048037,4,3.9161171752965664,0.49242646205226065
28.647,77.16,5.9907042509959245,6,-1.2780709261566867,0.8582826256947167
28.647,77.161,2.7316806103762428,1,6.078097300669864,0.26797577403045114
28.647,77.173,5.636035529454834,1,4.616771220432947,0.15069238185380124
28.647,77.176,4.123693391313522,1,3.7103431130637468,0.19517170986370003
28.647,77.177,6.788364597991446,4,-2.2916345116301313,0.5135866393609213
28.647,77.178,5.371628813306512,18,0.28352276002198434,2.8250233225150834
28.647,77.179,6.946465526949829,8,0.37510393231658956,1.00673689112079
28.647,77.18,7.1668935841096015,4,0.22403576422045024,0.4897823093694812
28.647,77.181,7.862622106746919,3,-1.5260870155538846,0.33850027270328564
28.647,77.184,14.28360668532644,1,-3.165003424629708,0.06542958220457773
28.647,77.185,5.736033627572433,10,1.6367417033034741,1.4845531588600238
28.647,77.186,7.694381379034088,16,-1.422450744709159,1.840268939499585
28.647,77.187,5.419162317052774,26,0.4062823866280556,4.0503727302439305
28.647,77.188,7.507791337566646,10,-0.498414904925902,1.1753931899862682
28.647,77.189,6.337583920294085,9,-0.15544832999783034,1.2265617807938185
28.647,77.19,8.069264067316725,6,0.723202306935422,0.6615751791396662
28.647,77.191,6.137012761436236,8,-1.0779983069530605,1.1209171494307513
28.647,77.192,6.985659045936192,12,-0.8013190661969299,1.5026937577690171
28.647,77.193,6.449860339075358,7,-0.17842661766010742,0.9396149298644177
28.647,77.194,7.536723251897518,1,-6.562635692065739,0.11714096503921723
28.647,77.195,1.681427288003157,2,6.74119704165797,0.7458714278578809
28.647,77.196,7.709953420753082,3,-3.5568150234039355,0.34443352967329804
28.647,77.197,4.7268133603259646,6,0.35947221775268196,1.0477030806637788
28.647,77.215,6.307803308197227,6,0.8426365093592921,0.8210401603543089
28.647,77.216,5.622179570783788,6,-0.17798936710385824,0.9060461039853457
28.647,77.227,7.6411362110620376,5,-2.10161658187909,0.5786276107532248
28.647,77.228,6.364558976848913,3,1.2887692024926485,0.40735636844388684
28.647,77.229,9.27284747595308,10,-3.1852403706015613,0.9734399370192376
28.647,77.23,6.151946733684767,15,0.5245215620723637,2.0973310566411087
28.647,77.231,5.061336719986752,11,1.4700928780939846,1.8147812121587665
28.647,77.232,5.682374672734536,4,-0.525557362430911,0.5985896026334505
28.647,77.251,10.965043900680946,1,-3.0652013572439865,0.08357679322372472
28.647,77.252,8.627669562615951,4,-0.862676369114143,0.41546918223408086
28.647,77.253,9.788125099225173,6,-0.8444890229500234,0.5561670767454239
28.647,77.255,4.262961378220884,1,0.12376192694744947,0.19000709451112194
28.647,77.256,7.626299996482705,1,4.022305937660172,0.11592455634602795
28.647,77.257,7.57295377156227,5,-2.0604820126720043,0.5832295534574938
28.648,77.156,4.547899475698921,2,1.4786508999850436,0.36049679861007955
28.648,77.157,5.508856080380699,8,0.5631694644817864,1.2290946214211091
28.648,77.158,7.186024726863185,9,-2.302937065508726,1.0994347440053145
28.648,77.159,6.24144413544246,15,0.5776307739402226,2.071410028088753
28.648,77.16,9.456874260270116,5,-2.115825822389991,0.47815435813329205
28.648,77.161,7.335110534059295,2,1.5958594800837353,0.23994882753234192
28.648,77.172,4.648920670811032,1,0.18100810712372795,0.17702496782565494
28.648,77.173,6.981887803099817,12,0.3530728930451715,1.503403743076885
28.648,77.174,6.272291313626622,7,-1.1008474093818355,0.9625576999210126
28.648,77.175,5.728744193999959,5,-0.0020144234715894884,0.7430807080552289
28.648,77.176,10.222602855757408,1,-5.174808193945996,0.0891058886118367
28.648,77.178,6.994270832301116,14,-1.0736843007250678,1.7512541535911612
28.648,77.179,7.856540241762848,3,-0.9730037585074234,0.33873272385231845
28.648,77.18,5.720435799509586,7,0.6300535729617592,1.0415991177998924
28.648,77.183,4.5965863818445145,5,-0.5211793936143454,0.8934017379272734
28.648,77.184,6.606389444134288,6,0.2791036623834131,0.7888105183237674
28.648,77.185,5.342153915481698,3,2.4135068192249536,0.47302541691345007
28.648,77.186,7.269771359957868,8,-0.4220938147348148,0.9673786192851597
28.648,77.187,5.453798481868955,16,-0.43755996301770206,2.479160148081748
28.648,77.188,5.73488982850129,16,-0.7469202181664978,2.375688453327004
28.648,77.189,6.7327694649294605,15,0.06681208540215629,1.9397966107782876
28.648,77.19,6.8592889912120345,7,0.6901275623812992,0.8906658105875914
28.648,77.191,4.843836018725232,7,0.07081232326678163,1.197843330574319
28.648,77.192,5.460221210274784,17,0.7505802018992083,2.6314888370946217
28.648,77.193,4.877122166306077,10,1.3785714091710881,1.701513039380166
28.648,77.194,4.757020873225763,1,1.215814502478759,0.1737009508947085
28.648,77.195,6.816239115067297,3,-0.037332339757005784,0.3838163029348636
28.648,77.196,5.378719667811738,6,0.4230014275123783,0.9406276357114687
28.648,77.197,6.4253945659244724,2,1.5408373221453422,0.26934595626447994
28.648,77.198,4.567922928853211,3,0.3351474177028318,0.5388005614183117
28.648,77.215,6.255412980604915,2,-0.4902016870485273,0.2756562590367187
28.648,77.222,7.068910502617426,4,1.685948744726951,0.4957298756384104
28.648,77.225,4.432152063037546,3,-1.0501455113794798,0.5522673086442397
28.648,77.227,6.874387137365681,2,0.4272146161620709,0.2539880202878983
28.648,77.228,6.554676579010012,5,0.2945523392410281,0.661841701323396
28.648,77.229,5.543872994219259,6,2.8456913348887465,0.9168882105903176
28.648,77.23,4.145421821839396,18,-0.15392198977191848,3.498255463449121
28.648,77.231,4.498263080956212,2,0.7692492174888983,0.3637512375366689
28.648,77.252,5.561238196747366,9,-0.7016294944641879,1.3716923132681895
28.648,77.253,5.334486815032585,7,1.9094369006299792,1.1050618944202495
28.648,77.254,6.255010669079365,10,0.8457761440260188,1.3783577249058636
28.648,77.255,5.144011154019631,9,0.8347398741537169,1.4648410906793161
28.648,77.257,6.6858694903773035,2,0.34457139332208797,0.26021779351106555
28.649,77.156,4.751441910919503,4,-1.740715125108366,0.6954777709578754
28.649,77.157,5.218253171124207,9,-0.11558425942540455,1.4473518128521095
28.649,77.158,5.564885173728215,11,0.29830112604487174,1.6755814776502895
28.649,77.159,5.742667171849107,12,0.30209590872198094,1.7797111579376863
28.649,77.16,12.001496871213577,1,-3.9900222059952224,0.07691422071669957
28.649,77.172,14.370876711291192,1,-10.647427061208491,0.06505809777690927
28.649,77.173,3.7234496500827015,1,6.281178942629866,0.21170967705403432
28.649,77.174,5.254673803045523,5,0.28165095598768913,0.7994022002498999
28.649,77.175,5.3135755525997865,5,0.5203844269732057,0.7919442728361925
28.649,77.176,6.002092526324651,5,1.7271679313876411,0.7140722550012439
28.649,77.177,6.549305578530002,6,-2.121453754975246,0.7947750872694596
28.649,77.178,4.084352872076569,5,1.7494406839081051,0.9834093198881144
28.649,77.179,6.112582875936409,1,1.664393870356708,0.14059590129814054
28.649,77.18,3.9525604436374295,14,1.3541807436647648,2.8268206232567734
28.649,77.181,8.201298157695545,2,-4.106142964066436,0.21736063387178595
28.649,77.183,7.420103647054037,2,-3.02702924122127,0.23752676734564246
28.649,77.184,4.730773388695213,7,1.4521594769248345,1.2214756238326439
28.649,77.185,6.070435195268324,6,0.6635115955760988,0.8486040582078058
28.649,77.186,9.42366811832024,5,-3.221487520702405,0.4796775898123801
28.649,77.187,4.402282258102899,18,2.525660658949986,3.3319251272000363
28.649,77.188,5.59213570177422,16,-0.16404982635446497,2.4271345014474943
28.649,77.189,6.968686204993345,30,-0.10104684414723283,3.764736021503943
28.649,77.19,6.687117638280732,10,-0.10310923379115589,1.3008777113285543
28.649,77.191,6.116742981167068,8,0.16211213952235892,1.1241097256385797
28.649,77.192,4.887188814738695,16,-0.5052599773413593,2.717765728855796
28.649,77.193,7.464103504095866,3,0.5629277403491001,0.35443800971340544
28.649,77.194,11.43937308249798,1,-1.1103497154683009,0.08038990336313538
28.649,77.195,9.438651063984757,3,-0.228115078695985,0.28739345549642376
28.649,77.197,5.101685672850805,1,,0.16388913713622746
28.649,77.198,7.271961036026938,4,0.17938702706881915,0.4835612719376661
28.649,77.199,6.812189588577888,2,-3.4038713519139714,0.256010171965639
28.649,77.222,6.860079801533391,2,3.2131267983082425,0.25445034280820256
28.649,77.223,6.996772910518911,3,-1.2415646648528893,0.37515133086420605
28.649,77.224,2.671235709983309,1,7.706740767100282,0.2723878494863917
28.649,77.225,4.823687186170614,8,-0.30990123284000193,1.3737001566631928
28.649,77.226,5.562113912303943,11,0.6922814389874408,1.676289096319257
28.649,77.227,6.138775505103451,8,1.139610077643165,1.1206403667240785
28.649,77.228,6.189811077543991,10,1.9521917885987452,1.3908571299228014
28.649,77.229,5.850889388759779,4,0.8243581189047666,0.583865798003217
28.649,77.23,6.343404340062409,10,-1.110297447447156,1.3617662240719015
28.649,77.231,4.232325309635644,2,-0.9718048139858211,0.38223923048455705
28.649,77.252,5.95899278437337,14,-0.03162833698120001,2.0117853881724703
28.649,77.253,5.7092236018868086,13,0.9690669702323169,1.9376310541124402
28.649,77.254,6.860345007637759,12,-1.0848771661057561,1.5266505462978803
28.649,77.255,7.786272178485427,11,-1.2906727418166721,1.2519530213206047
28.65,77.156,6.901075579585167,3,-1.0300227086167737,0.37969514020994977
28.65,77.157,7.127332023856357,3,2.477363331869222,0.3691248236437279
28.65,77.158,6.840161458355906,5,-0.45212880805609157,0.6377419682691723
28.65,77.159,4.020738744590441,1,2.3462865922115874,0.1991738767681236
28.65,77.176,3.6013435540165006,5,-0.5507204360252521,1.0866391394825352
28.65,77.177,3.5668394555785463,1,6.9973262310442506,0.21896981703144103
28.65,77.179,7.587224458182112,1,-1.4746415822457024,0.11645206258084662
28.65,77.18,4.4950314975662975,3,0.9853324261088371,0.5459477350273013
28.65,77.181,6.532262330699203,2,-3.6996110757146496,0.26552447487770175
28.65,77.182,6.143329171474813,1,-2.012703065176712,0.1399907488504467
28.65,77.183,16.15899947869069,1,-8.817698666882803,0.05827845622595151
28.65,77.184,5.371144170096524,14,0.39071949506223025,2.197407502675912
28.65,77.185,5.423390636525614,47,-0.14037746855416705,7.31700789498023
28.65,77.186,6.595150843143938,28,0.22275838137534903,3.6865627264368688
28.65,77.187,8.106142932070131,10,-1.2694477682518142,1.0981597889027055
28.65,77.188,4.936229824453452,11,0.7202620693490436,1.853027986667071
28.65,77.189,6.197261601852807,15,-1.0519684482028733,2.084125995383927
28.65,77.19,4.278839660994747,9,0.7087244156888504,1.7049201297968644
28.65,77.191,6.174918246115632,12,0.08385175929548505,1.672492924431101
28.65,77.192,9.736714686123879,4,-2.8172768056231883,0.37255344087419934
28.65,77.193,5.704925144763207,13,-0.17616562728934027,1.9388732490404428
28.65,77.194,6.845383516260531,8,1.5525027604616528,1.019707957350843
28.65,77.195,5.960802371889801,5,1.0472195803700735,0.7183079956689735
28.65,77.196,8.327266533261785,3,-0.4616603599586971,0.3216376404921804
28.65,77.197,7.839456019381154,3,-0.29487363375073655,0.3393874004715088
28.65,77.198,5.311409979648936,6,3.051159756466195,0.9506592060010246
28.65,77.199,5.472305057866824,3,1.4581316354142553,0.4635133809636525
28.65,77.2,6.969936874398313,2,2.384256194529003,0.25094301642771655
28.65,77.201,7.989330166719801,5,-2.0130711116075575,0.5562149689985739
28.65,77.202,3.934193588218435,3,5.0985001095892075,0.6080020871421049
28.65,77.221,5.369744477497446,8,1.345552646821775,1.2559373501184856
28.65,77.222,7.293442978611343,9,-2.0740022805209275,1.0851946559722974
28.65,77.223,10.37797647708359,1,0.22348846853881454,0.08788909012196522
28.65,77.224,15.675424660423241,1,-13.004188950439932,0.05996848778150511
28.65,77.225,3.293192516091497,2,5.554537505111273,0.4658537888770921
28.65,77.226,4.786431300575042,10,0.3778951418279453,1.7281808908724492
28.65,77.227,7.653694605549649,8,-3.8798016673734717,0.9244606338279568
28.65,77.228,6.485280068804027,11,-0.003259037136777675,1.4695508917353768
28.65,77.229,9.73786542860905,3,-3.694803111389806,0.27938513664057074
28.65,77.23,6.087534110105232,14,0.6562793497397258,1.9752991354269664
28.65,77.231,6.382177220335331,16,-0.08681699254779512,2.1673822671075365
28.65,77.232,5.306616589917644,20,0.17094531907496488,3.171272538110831
28.65,77.233,7.121203615853316,5,-0.470513392878266,0.6156722865856427
28.65,77.251,5.115478101772184,8,-0.7875892448476405,1.3081561027390003
28.65,77.252,6.111782612685808,19,0.4141747409455102,2.671622718909927
28.65,77.253,5.6542691766428215,17,-0.003756313865301136,2.5547508747725103
28.65,77.254,5.67650794858271,16,-0.35668990014862,2.396462360746007
28.65,77.255,4.527702236382378,8,0.5554259661924941,1.4472559587861638
28.65,77.256,8.629204828195817,2,1.7680129256736543,0.20770147023393742
28.651,77.156,10.08647341739908,1,-4.609698668138233,0.09020000881710524
28.651,77.157,7.671045825730064,7,-1.5167937018191433,0.8072843969096
28.651,77.158,7.551133232569823,7,-0.7462755947570273,0.8186049509014994
28.651,77.159,6.22437012296211,2,1.9824473699948313,0.27684074403153186
28.651,77.182,5.916145030039366,7,0.19746208896223422,1.012124524514223
28.651,77.183,7.282919620779221,10,1.3142003451243993,1.2073037597652363
28.651,77.184,6.2395823997063555,25,-0.9463670687141895,3.4532378554064147
28.651,77.185,5.810398502303184,36,0.5496763450062365,5.286034288276272
28.651,77.186,6.341472167063871,23,-0.12427721439521516,3.132886630447931
28.651,77.187,6.333733042281301,8,0.2506412250698592,1.0908496333146378
28.651,77.188,6.868710438697279,12,0.09179443210435068,1.5250275243304907
28.651,77.189,7.138066571914221,9,0.17509462993442768,1.1059137843699203
28.651,77.19,5.668217609565769,6,0.2652217256100233,0.8997906714071254
28.651,77.191,7.134337398695256,9,0.2774597641325815,1.1064207886734077
28.651,77.192,6.808590881588001,13,-0.5960398192482713,1.6648330277685444
28.651,77.193,5.670845740462649,30,0.47723153144957503,4.497180892376531
28.651,77.194,7.150001106371012,20,-0.5840969674358611,2.453987396929998
28.651,77.195,9.339252490949558,7,-1.2309768653783795,0.6770315364797826
28.651,77.196,6.02501171399136,6,1.0028204599132817,0.8540911025173245
28.651,77.197,6.81450310834543,6,0.6895325515240436,0.7678031369124868
28.651,77.198,14.238006176691897,2,-6.26931477209426,0.13125076711539901
28.651,77.199,6.298402019520882,9,-0.4316495894043513,1.233146649900607
28.651,77.2,6.052181890507492,16,-0.09482038546284466,2.268801379263433
28.651,77.201,5.311581105633466,44,-0.40754056573679753,6.971311825610123
28.651,77.202,5.187522677806244,10,0.7112974030072301,1.6161556927893879
28.651,77.203,4.730907559136429,1,1.2375529704455834,0.1744924324256046
28.651,77.221,8.230987234424369,3,-3.2575273947387196,0.3249923246359116
28.651,77.222,7.580838416859908,9,0.21475128971903434,1.0488485580053004
28.651,77.226,9.665717417993491,1,-2.0834934631930455,0.09375834374844397
28.651,77.227,5.517252327027576,2,-0.8299503106584218,0.3068777913823955
28.651,77.228,5.246868414915735,2,1.5927415204799904,0.3201604175340995
28.651,77.229,7.14420336147837,2,-1.3369668209273047,0.24557343563642933
28.651,77.23,6.577033745456056,6,1.192684684687864,0.7918666065857497
28.651,77.231,6.4309975300170725,11,-1.1780499441551926,1.4802857833778242
28.651,77.232,7.2992264912921225,11,-1.7898515914871147,1.325424726212935
28.651,77.233,6.909312688386427,2,2.0608323350438895,0.2528664725743721
28.651,77.252,6.206908369498207,21,-0.4408250193237772,2.913870819959122
28.651,77.253,7.304041616026528,9,-0.7156207884747828,1.0838095973206945
28.651,77.254,7.069158418132868,1,3.8055341142083305,0.12392866122851398
28.652,77.156,5.476774749260848,1,5.861077988167224,0.15439783514381497
28.652,77.157,5.123543311809864,2,-0.09086324822530356,0.3266082883977975
28.652,77.158,8.859239551884846,1,-5.550917862499842,0.10142770086246909
28.652,77.159,13.296750923776301,1,-2.0178277913251073,0.06994596222117458
28.652,77.16,5.04772053669057,3,-1.0296886132037948,0.49605466750645494
28.652,77.161,3.901393831891661,1,-0.07886298514513612,0.20402359702118786
28.652,77.178,6.224267504348381,2,-2.1833702322206983,0.2768446764735904
28.652,77.179,3.440905196716346,2,1.9439290640803375,0.45035863442408586
28.652,77.182,8.614477683977928,4,-1.3036156288193463,0.4160392411816412
28.652,77.183,6.038628738892868,7,0.0446101307126464,0.9945118942444826
28.652,77.184,5.594267866730545,13,0.7533546302461441,1.9714091484799559
28.652,77.185,5.568656704893988,16,0.606130093909083,2.4358100474453437
28.652,77.186,8.033043027134578,11,-1.4272990263282026,1.2177513122606447
28.652,77.187,7.845285877058593,6,-0.1007278040433155,0.6783274258621517
28.652,77.188,3.986798062700622,3,-0.8337782546626258,0.6015884265374357
28.652,77.189,7.201709649367127,3,1.0151106917990473,0.3657773962080565
28.652,77.19,8.171056844425351,7,0.21375993844630375,0.7632708115046705
28.652,77.191,8.529006203448782,7,-1.6131763027323498,0.7345991649650231
28.652,77.192,8.373630025156885,16,-0.7794003837513153,1.7069160994256556
28.652,77.193,7.332886926907492,17,-1.2616910481719623,2.040109286147371
28.652,77.194,5.664934958280561,28,0.15258295667860416,4.2010912597447945
28.652,77.195,7.205670545002144,17,0.040978030820807775,2.0717380629367637
28.652,77.196,6.810648203746684,17,-0.33714352762635397,2.176515899390435
28.652,77.197,5.982550608791751,22,0.14603417985365238,3.1507111416134572
28.652,77.198,7.149464474892793,10,0.36265203317215694,1.227074494380387
28.652,77.199,9.134852170272245,5,-0.09280009191007395,0.4933471071897923
28.652,77.2,9.70085460399729,10,-1.048124883601051,0.9345048007908185
28.652,77.201,5.933558485331993,25,-0.019489568506135056,3.6056521413770044
28.652,77.202,10.118968882476942,3,-5.992469698213706,0.2698091910957573
28.652,77.203,4.9976301282688045,3,1.705148727185075,0.5001975673458109
28.652,77.221,6.497363986329701,2,4.118864283966473,0.26676042455010784
28.652,77.222,6.294981248101895,16,-0.17481442144500897,2.1932887084751713
28.652,77.223,7.887721422029386,6,-2.824291133277555,0.6750886661600588
28.652,77.224,7.157429743908542,2,4.070431475509746,0.24517526510031848
28.652,77.225,4.97556613296295,4,0.6133570235252019,0.6693926418008904
28.652,77.226,12.781749251851044,1,-3.3815808344958977,0.07255972966317674
28.652,77.23,7.402981653394614,1,-1.4215595154312206,0.11900537704923142
28.652,77.231,3.6949248936018564,6,0.9038722528167646,1.277975715474527
28.652,77.232,6.096558145992078,11,1.0665877145052114,1.5500471881869196
28.652,77.233,16.84391583040999,1,-7.550206907022572,0.05604151070337253
28.652,77.241,10.06555904279907,2,-4.958446305891602,0.1807409812974161
28.652,77.251,7.260551336698977,2,-4.708031549787675,0.24211458999287883
28.652,77.252,5.426957781426197,11,1.8824779940188292,1.7115407279926156
28.652,77.253,8.73098083962593,6,-1.4200120623549288,0.6165873819797436
28.652,77.254,7.130891405472927,9,-1.105894640270422,1.106889706329379
28.652,77.255,9.889351562867358,2,-3.9917494175122616,0.18366566534778722
28.653,77.157,1.2061205752842745,1,15.584317296676499,0.45328438128144594
28.653,77.16,6.178995798211538,3,1.4858660184276467,0.41788574395702704
28.653,77.173,5.7855061344474,6,-0.2910392341864858,0.8842376502381026
28.653,77.174,7.130669931550486,9,0.48594471093382663,1.106919857252616
28.653,77.175,7.574917836625991,10,-0.2612225682405585,1.1661919321590541
28.653,77.176,4.442220637545134,5,1.4096950396931847,0.918742611335102
28.653,77.177,5.9636840723672115,2,0.10997967466178826,0.287204298646496
28.653,77.178,6.875563215516221,4,-0.36207217541776426,0.5079001832045876
28.653,77.179,5.9783579848631,2,-0.32367585959092704,0.28660037280091405
28.653,77.183,8.333106937709744,1,3.649057492153384,0.10714545613525249
28.653,77.184,4.530477701150701,1,-0.5191430824551286,0.18081620685170371
28.653,77.186,7.565769713443244,1,-0.5916977265436083,0.11674374089588066
28.653,77.187,5.012023277885882,18,1.2416289539267493,2.994000383566324
28.653,77.188,7.034306385748559,7,-2.0285648313546747,0.8712637611650912
28.653,77.189,5.291450590280812,1,,0.1589458560709075
28.653,77.191,2.6066873749666413,2,4.809382004595352,0.5545254667431491
28.653,77.192,6.2762098347707145,2,2.0265497290973156,0.2748683786499161
28.653,77.193,6.57409822165042,9,-0.5078494655732784,1.1882602702819018
28.653,77.194,5.526240606945283,16,0.23089152196445067,2.451641145895335
28.653,77.195,6.069124122595066,17,0.2699838461875347,2.4048240920912454
28.653,77.196,7.354079501898054,9,0.4227959197894365,1.0773179735667098
28.653,77.197,6.925785170443134,15,-0.34842051695003995,1.8925569741579742
28.653,77.198,6.278534328708366,10,0.8752442022414524,1.3739029794168163
28.653,77.199,7.213983760589033,6,-1.1708274302416084,0.7304616340719102
28.653,77.2,6.14336726829742,5,-0.8051052382284665,0.6999500112769256
28.653,77.201,6.142799071315064,8,0.8567429231224093,1.1200091056918273
28.653,77.202,3.5331029225454538,7,0.6475796149204657,1.5441961322310591
28.653,77.203,5.343096053883253,2,1.212329190993895,0.3153034390478128
28.653,77.222,5.4055467097809125,8,1.4106261552730024,1.2489175963363823
28.653,77.223,6.299076797955088,10,0.09471762473557198,1.37003627675237
28.653,77.224,7.663651387707678,6,-1.628014322197437,0.6925486416169782
28.653,77.225,5.071011655679438,11,0.9646923416727133,1.8118891255478793
28.653,77.232,8.078897462585148,2,-2.464977458925877,0.22029106598484646
28.653,77.233,6.299344236893613,5,3.076911153424964,0.6849930401594341
28.653,77.234,5.6670572515957565,7,1.246132752787524,1.0499384864776067
28.653,77.238,4.501807507817764,2,-1.9076841638091069,0.36351689824809585
28.653,77.239,4.592698983187686,6,2.024495709827749,1.0728272732068558
28.653,77.241,6.010243904300283,1,-0.9079881949193789,0.14264838907909774
28.653,77.242,4.503127167288389,7,-0.8450338087709086,1.2720040419217098
28.653,77.243,4.042404382782662,2,3.2337818858279386,0.3966361775404248
28.653,77.25,4.189972091090513,1,-1.716769235107003,0.1926792634813342
28.653,77.252,6.109966435891955,7,0.36952764575969355,0.9845334803077506
28.653,77.253,7.072647490499482,18,-0.33163230362068014,2.2297517662184307
28.653,77.254,5.780816619470773,16,1.1803376548378726,2.3595978033172003
28.653,77.255,6.496343659230605,3,1.8894802323364448,0.4001950999546235
28.653,77.256,6.3917626863906865,5,-0.9005542155946975,0.6764286425490539
28.653,77.257,8.788224817953795,1,0.5951765190562188,0.10216357088220697
28.654,77.158,5.109303149622515,6,1.7709900172934965,0.9821087369630253
28.654,77.16,7.699945089819408,5,-1.3473514244395233,0.5747162710085322
28.654,77.172,5.1355905142415805,1,-0.571802874270297,0.16298349729807707
28.654,77.173,7.032482420328935,6,0.12636022377591027,0.746967087635941
28.654,77.174,6.150323381169953,29,-0.3402575809050314,4.055760621452474
28.654,77.175,8.086267359618164,12,-0.809366636515077,1.3206743236866718
28.654,77.176,6.307139644201643,16,0.7577024232866624,2.1896392814521217
28.654,77.177,5.722584126911041,19,0.020796066905969236,2.8262941216222917
28.654,77.178,5.789124414342641,9,-0.2495478508383821,1.32564959054023
28.654,77.179,6.641266816351089,6,0.09045809136242171,0.7852101155741558
28.654,77.187,8.13078899779529,5,-2.1887009955649543,0.5475978035641054
28.654,77.188,7.405344381232591,5,-1.386761290024541,0.5948596242128964
28.654,77.189,5.125291667819874,4,0.552558751877308,0.6530301276940969
28.654,77.19,7.941163635725263,1,-4.859948052953682,0.11184226581028062
28.654,77.192,5.93504686132278,5,0.9524127162514361,0.7209756617342176
28.654,77.193,5.664138285804681,5,0.5072128560104388,0.7502845507648797
28.654,77.194,5.774502254099074,5,0.8081934319263873,0.7380616040056125
28.654,77.195,9.117542872442785,6,-2.8308942679931213,0.5930293625285481
28.654,77.196,7.059480594785444,11,-0.02198915209850397,1.3648522222532675
28.654,77.197,6.253934500897914,4,1.0779350465224904,0.5514248852818933
28.654,77.198,6.744775406873626,9,-0.26080566914622594,1.1620737241795727
28.654,77.201,7.237864857496668,3,-0.34979709947212473,0.36417203388204694
28.654,77.202,7.075174172777874,2,2.0804104162660426,0.24767267642872356
28.654,77.203,8.407411925432102,1,-0.015481834040754094,0.10629916154692758
28.654,77.204,4.5133965548295585,5,-1.1818303272234612,0.9068819828713682
28.654,77.205,2.482778455274042,1,7.214332780869869,0.28712707765998713
28.654,77.221,14.401452324254869,1,-6.92963764030568,0.06492894169630724
28.654,77.222,5.4914206886575965,2,0.011960139631479016,0.3080989656847511
28.654,77.223,7.214044352690787,8,-0.6686030058834778,0.9739416609528446
28.654,77.225,6.344922981625556,7,0.4214080978451572,0.9530392650149724
28.654,77.226,7.930889060982721,2,-1.8154008081453834,0.22394187032706545
28.654,77.227,4.739505463314754,7,0.7305741585992506,1.2196172727322867
28.654,77.234,10.800268674018199,1,-0.4373476632412334,0.08474383318083235
28.654,77.238,12.112080592296557,1,-4.51655000756135,0.07626554710070248
28.654,77.241,5.654582819640422,1,3.463081751549482,0.1502723802683148
28.654,77.242,5.056720377323656,2,-1.3284496561336812,0.33021171119076165
28.654,77.249,5.030296027586955,2,-1.6036854892643397,0.33165867659739207
28.654,77.25,6.106467769881339,7,-0.9136263266909049,0.9850181871882159
28.654,77.251,4.3527526202422315,4,1.6956296398070658,0.7472790700009942
28.654,77.252,6.022824126332756,8,0.4105268731438081,1.1391428656177263
28.654,77.253,7.135853792490469,11,0.8166817695702455,1.3520400293025407
28.654,77.254,7.231818118659952,3,-2.75050599684133,0.36443953896400794
28.654,77.255,5.167440527605716,3,-0.3914367506937187,0.48642544448898656
28.654,77.256,4.5441906139135355,1,2.26478118622642,0.18036897892551346
28.654,77.257,6.43693928836588,4,0.39480226129640794,0.537855674881934
28.654,77.258,8.137803487040097,1,-0.9287877142719339,0.10943548976712766
28.655,77.157,6.665978974604539,5,-0.9935775658923433,0.6522324176160335
28.655,77.158,5.555117037435716,2,0.20376095545675366,0.3051051550381435
28.655,77.159,5.722319327016367,5,0.626864761457243,0.7437909085790483
28.655,77.16,8.637402150324178,4,-3.0585787706285306,0.4150496095947859
28.655,77.161,6.365532584816064,2,1.044275064848219,0.27153501487767095
28.655,77.173,7.999597137340956,1,0.917110556315853,0.11111608494682713
28.655,77.174,5.628485448066732,20,-0.7394405237584902,3.0172805170498207
28.655,77.175,5.123897115702867,34,0.5977260656026159,5.552020120131895
28.655,77.176,6.9729048740376465,17,0.02678193557751949,2.132221601609407
28.655,77.177,6.145364485565904,14,0.7374644367283173,1.9593122265884269
28.655,77.178,10.762351885539129,5,-3.1086887051341474,0.4250850551535616
28.655,77.179,4.629361739363449,5,0.9028140736424379,0.8882001604262484
28.655,77.18,3.804991357578003,4,2.711270144617855,0.8324676783635745
28.655,77.187,6.064062101564609,2,-3.9056262824777495,0.28312321880027397
28.655,77.189,4.459963865950282,2,0.5960400790633034,0.3663027904767844
28.655,77.191,7.361820687208968,3,1.4817151477481367,0.3587735389481723
28.655,77.192,7.843579854260298,6,-1.5924440055414628,0.678458282604817
28.655,77.193,10.188271355101866,1,-2.128780038483816,0.08937931234068601
28.655,77.195,5.09801680593729,5,2.3634329323190664,0.8199387045197688
28.655,77.196,5.916026791216336,9,-0.06617731880240364,1.3013252076221573
28.655,77.198,3.7689700234666703,3,0.6082436172240183,0.6290666507103002
28.655,77.205,6.008281533652109,3,0.10835736076013684,0.42806499504831674
28.655,77.22,7.186542558754077,1,,0.12215168892399816
28.655,77.221,6.814486259779236,2,0.8853499713696404,0.2559349307828332
28.655,77.223,7.0516682363967345,2,1.8655585446903395,0.24839572884526048
28.655,77.224,8.290920326862436,4,-0.5876331214130444,0.4305278550753442
28.655,77.225,4.66276304371433,2,2.685353723196333,0.35318447629907473
28.655,77.226,10.49329209284104,3,-4.042119151469133,0.2610218182716025
28.655,77.227,6.984250742705871,9,0.41664594428608126,1.1272191079697842
28.655,77.236,5.362817883856993,5,1.098903684002071,0.7858153559110065
28.655,77.238,8.2483537589099,3,-0.0752711839756337,0.324382055250621
28.655,77.239,6.062714763848802,2,0.3225554319395103,0.2831772295601114
28.655,77.24,6.753031439424276,3,-0.4933134821580136,0.3869454191485613
28.655,77.241,4.724276726591344,11,3.237341051788505,1.9216401521787032
28.655,77.242,4.7853153165405296,11,1.6685347466116758,1.90136568158185
28.655,77.243,6.871594272726851,8,-0.8229015232661634,1.016312543917316
28.655,77.244,6.45291858407555,3,-0.850979826846546,0.4025268713400438
28.655,77.25,5.212994086933092,4,-1.6188731225923945,0.643811976002461
28.655,77.251,8.522134714718776,3,-1.290382120039255,0.3150554040537538
28.655,77.252,6.898851891907061,12,-0.8103179840456934,1.5192081284996442
28.655,77.253,5.787733351256043,12,-0.3153041206256117,1.767895021653944
28.655,77.254,6.07802135931601,8,0.9427580974147225,1.1302593753083963
28.655,77.255,4.884667973098613,9,0.03714463277174593,1.5293980970792118
28.655,77.256,11.04811129244221,5,-3.672054856371067,0.415002806550808
28.655,77.257,4.870320248379391,5,-0.03773350609494859,0.8517422880600664
28.655,77.258,10.238732526514267,3,-1.7047759259630915,0.2669340152835242
28.655,77.259,5.620131183754348,14,-0.42105813797350333,2.114761718673443
28.655,77.26,5.986532403117387,1,-0.9097026589852266,0.14313252158593018
28.656,77.157,9.602121246810178,2,-1.2380030976933742,0.18864149479536774
28.656,77.158,11.557239675546809,1,-3.1805265436345973,0.07963533593671371
28.656,77.159,5.682027824365187,1,5.875211851181621,0.14965516850343302
28.656,77.16,6.205261894477111,3,3.8574661027954384,0.4163623812618835
28.656,77.161,7.6759873826615515,8,-2.979818013176541,0.9220852506064644
28.656,77.162,5.3188967719171565,2,6.3861199392408246,0.3165109467982651
28.656,77.172,9.315413772510642,2,-3.525148537661396,0.19388461230026116
28.656,77.173,6.140141720012697,3,1.2845384252160403,0.4201597275851641
28.656,77.174,6.467292252559158,8,-0.8154010934147895,1.0713388105652721
28.656,77.175,7.460615910056112,11,-0.7708904733046146,1.3001417529101666
28.656,77.176,7.8749220769237995,12,-0.8326748144717439,1.3521245477976531
28.656,77.177,5.846715816790355,18,-0.3343227008540235,2.6289976802977852
28.656,77.178,7.696714801271192,6,1.1559757757010267,0.6899156908218934
28.656,77.179,3.1781097638673184,4,2.1950439995288704,0.9573707312795781
28.656,77.18,5.218076005802542,3,-1.2475212585908342,0.4824643502589033
28.656,77.181,9.946748468651545,4,-4.147486629217141,0.3654053083849411
28.656,77.187,14.521498052945368,2,-7.126620575981961,0.1288535419182995
28.656,77.189,6.8427822284189315,9,-1.4853803160064984,1.1475519449447162
28.656,77.19,4.3007431613663964,1,8.049441137715204,0.18865279255337952
28.656,77.192,7.187189596300619,3,-0.08884466886232485,0.36642610565114425
28.656,77.194,7.257728023711118,4,0.5093199680552845,0.4843947376947339
28.656,77.195,6.410690704401996,6,0.3427005742365357,0.809641130540769
28.656,77.205,10.022183318424322,1,,0.09072612667659344
28.656,77.211,16.826881262497633,1,-9.108566017738056,0.05609506145663839
28.656,77.212,5.240826722322495,5,1.6225250241870561,0.8011759054478719
28.656,77.221,8.213129903543676,1,-2.055972067934393,0.10854074678957547
28.656,77.224,8.779438244856413,1,-3.1394819682357555,0.10225536221632764
28.656,77.227,6.663609424091598,2,-0.7363240650135747,0.2609736338744937
28.656,77.228,5.476554707022579,7,0.9649133885128932,1.0808215658874687
28.656,77.229,11.178302670741276,1,-3.0881866289395905,0.08211324903284994
28.656,77.235,11.11441979559799,1,-7.4005584517620395,0.08254625618664539
28.656,77.236,4.472931097542018,13,0.13510387198817847,2.375326816344995
28.656,77.237,5.58040875101717,3,-1.1599608420122316,0.4558987311443645
28.656,77.238,7.701040943794896,4,0.19171501980248662,0.4597151106216296
28.656,77.239,5.706923724600102,7,0.8384668964665851,1.0436975709631129
28.656,77.24,7.905412150217714,6,-0.5111575414987986,0.6737475929009434
28.656,77.241,7.278737165604123,19,-0.6500810968718115,2.2950360205829186
28.656,77.242,5.6016926315317415,30,-0.1185558723383441,4.5442891201433175
28.656,77.243,5.197964933526507,6,-0.5223114720030592,0.9680596880347516
28.656,77.244,3.3240782890484533,3,2.654015084192816,0.6937894736082989
28.656,77.249,7.522268103330195,2,-3.1961811344135507,0.23467931022006597
28.656,77.25,5.540315814897938,13,0.9858558975496009,1.9876715999535972
28.656,77.251,5.356063661887543,11,0.8241366465404115,1.73063087236816
28.656,77.252,7.56069211545138,7,1.6379381760148457,0.817690895268333
28.656,77.253,7.662963626426034,11,-1.3769719044142585,1.2697733101920141
28.656,77.254,7.780565846180812,14,-1.3473358718144863,1.59443027308877
28.656,77.255,7.021233277843215,13,0.3722609751912381,1.62069840755155
28.656,77.256,5.579230862320946,13,1.747163293443608,1.975914855709138
28.656,77.257,6.931556136242267,10,1.1177849360345076,1.2607866386151179
28.656,77.258,6.559176424170022,2,-3.694773756412496,0.26457908742612724
28.656,77.259,5.352338684444367,8,0.6339160502176217,1.2593786945885668
28.656,77.26,5.993648760066987,10,0.3201178233813381,1.4298687770965806
28.656,77.261,6.797378271448413,8,-1.5086727564358444,1.0259858790349476
28.657,77.157,6.709411498312154,1,1.4968594492957967,0.1297115869634061
28.657,77.158,8.376713131912211,1,-1.667301633600057,0.10664717859360043
28.657,77.161,5.525366327794917,7,0.9079342353801463,1.0727367090769098
28.657,77.173,7.510348403274628,2,2.367580529555625,0.23500800498725014
28.657,77.174,4.150725349696142,4,0.6410995350174981,0.7765896506665751
28.657,77.175,5.901277372323352,4,1.4974965446164512,0.5796028451256667
28.657,77.176,7.817223163210087,1,3.7572497743285966,0.11341439152549813
28.657,77.177,7.9033531587920915,5,-0.25936158899232387,0.5615861699322219
28.657,77.178,7.590294815300806,6,-0.6338214300783994,0.6984626405735178
28.657,77.179,2.9064901526079447,1,1.3819186044290621,0.25598426232622323
28.657,77.18,2.6346792448525247,1,0.5920431473870797,0.27512744113974064
28.657,77.181,4.848524026410481,14,0.9608820399678882,2.393766348018659
28.657,77.186,4.731703841569274,2,-1.0027270037886393,0.348936381795404
28.657,77.187,5.048222174121058,2,-0.42520640450885194,0.3306756832706207
28.657,77.188,7.370039960942687,4,-1.0071796347584163,0.4778949704738918
28.657,77.189,6.746313845746926,19,0.32225013766471095,2.452779525636165
28.657,77.19,8.196228709311981,2,-4.602040293633836,0.21748045456664492
28.657,77.191,7.294768797431196,6,-0.6902102381281443,0.7233474671238742
28.657,77.192,5.38569566100218,3,3.7187020316049324,0.4698000279470218
28.657,77.193,11.680610203563404,2,-8.374507744118729,0.15772111656251178
28.657,77.194,6.382145666926288,2,-1.7181515770224933,0.27092394139016523
28.657,77.211,9.861201244871435,2,0.7197793654006848,0.18414169435856673
28.657,77.212,5.722840251698355,6,1.244456601730656,0.8924799304109974
28.657,77.213,8.92893688042287,2,-0.7742994427340912,0.2014314346124457
28.657,77.228,10.864452076634993,1,-4.160043560316087,0.08428539249354201
28.657,77.229,5.665003627315745,1,5.199448449319249,0.1500374277219619
28.657,77.235,5.952404905954989,2,3.0597921352539688,0.2876702417442527
28.657,77.236,4.653260070145919,2,0.5248132719588918,0.3537781696196363
28.657,77.237,5.69647959460263,5,0.5782246531839249,0.7466609775127225
28.657,77.238,6.238551590220946,13,-1.017829526353418,1.795939400026186
28.657,77.239,5.469244020781428,2,-1.2529374654229282,0.3091551336717729
28.657,77.24,8.667883028982699,3,-1.8097451681266836,0.3103057816283566
28.657,77.241,7.2635095718797205,11,-0.04287561487052633,1.3311535376485084
28.657,77.242,11.344824472771805,4,-4.783715240809336,0.3240224280889976
28.657,77.243,8.264281994440438,4,-2.7971381493669467,0.43176578631786344
28.657,77.25,5.803323037608881,7,-0.7485165712501749,1.0289089554183868
28.657,77.251,5.37670366252991,28,-0.24467346468883208,4.390983411151837
28.657,77.252,4.754964979003893,15,0.5857045269438738,2.6064450530498795
28.657,77.253,5.631393121757853,8,0.6108704683141977,1.206383010796283
28.657,77.254,7.731723211255204,6,-1.5794347430982647,0.6871495871818281
28.657,77.255,6.348362132448707,11,0.4190196406382995,1.4969322145170942
28.657,77.256,9.246265001707718,9,-1.9161787763243123,0.878368849380725
28.657,77.257,5.773015133490674,4,2.7170732419771815,0.590578925510016
28.657,77.258,7.558314759375363,3,-2.8881712215403432,0.3505363011699932
28.657,77.259,6.480286854250884,4,2.375156104384936,0.534738851321843
28.657,77.26,8.66600436961347,3,0.6614129755056576,0.3103660918497977
28.657,77.261,6.605412067547282,3,-1.147379386182143,0.3944559444452941
28.657,77.262,5.617390297244822,3,1.1083300595558665,0.4533509231349196
28.658,77.167,4.289784451389925,2,0.39118087023275105,0.37808723935329486
28.658,77.168,5.533549230408744,6,-0.24177896866629425,0.9183370000603233
28.658,77.169,7.105283729479404,4,0.6066142568982642,0.4935052409642071
28.658,77.17,6.7230182003346615,2,2.73345067334606,0.25896611248609175
28.658,77.172,5.832729906696948,6,0.15704556547818185,0.8781263246069823
28.658,77.173,5.1467367379647335,4,-0.945626258245154,0.6507518005927245
28.658,77.174,8.417077982633055,2,-0.6396691622564052,0.21238010385900952
28.658,77.175,11.368258918871804,1,-3.250500861509554,0.08085212369496685
28.658,77.177,7.223825721811467,1,0.29174750726129695,0.12159790757089747
28.658,77.178,5.315550865475152,6,0.29294585824446656,0.9500358920074328
28.658,77.179,3.9213524628548098,3,1.4954388036716484,0.6095885272683235
28.658,77.181,9.156126134024483,1,-2.832790173731494,0.09846273931650536
28.658,77.186,4.159222163587776,5,-0.5682718016050972,0.9691383393583014
28.658,77.187,5.921709613832453,14,0.3362288199794605,2.0226216904595624
28.658,77.188,4.2490610747542,8,1.253804849791726,1.5240820950772838
28.658,77.189,5.952429284990131,10,0.8680393235094883,1.4383461650720257
28.658,77.19,10.417790756465633,2,-1.4341838952548194,0.1751652349091654
28.658,77.191,5.812516667397901,4,0.2874611953256881,0.5871545267760547
28.658,77.192,6.908765808225567,12,0.029109168550377856,1.5173037476364917
28.658,77.193,5.640498687084799,8,-0.10935945237284828,1.204728797787328
28.658,77.194,2.3850533292933225,1,7.7510788191112105,0.2954163207256661
28.658,77.212,6.38268857521799,12,-0.22644527021542693,1.6254241090815178
28.658,77.213,6.229667973081575,4,0.8342301979853741,0.5532757541415888
28.658,77.229,8.983026350531581,2,-1.9646860022224484,0.20034005017862175
28.658,77.23,7.474653785222451,1,6.333899896148051,0.11799892070443455
28.658,77.238,5.526843352561574,8,1.1710895394769185,1.2257073699892398
28.658,77.24,6.720200150573695,2,-1.7904501625061169,0.25906064104456905
28.658,77.241,6.85326015715685,4,1.2546425600401032,0.5093426067586353
28.658,77.242,4.027574269290137,2,1.9648175609791387,0.3978061571793325
28.658,77.243,5.809484861502947,9,1.0366531694452865,1.3216858812449988
28.658,77.244,6.540764370923672,2,0.3839970264599213,0.2652251020747674
28.658,77.25,6.005356586263625,1,1.7030805554139947,0.1427479083592745
28.658,77.251,4.690335779086816,5,2.57792361779101,0.8786827691919438
28.658,77.252,4.1528392188510415,5,0.41625058255660735,0.9703388341146183
28.658,77.253,8.123672970647903,4,-0.3747902904482636,0.4384199228609513
28.658,77.254,7.588726103218761,5,-0.9353200928951384,0.5821585110423035
28.658,77.255,5.333385209322325,8,1.0160098058181548,1.2631475483639505
28.658,77.256,5.6211221309087716,4,1.770258638023537,0.6041272039564367
28.658,77.257,7.63767295471783,2,2.0069568238961346,0.23154384409838247
28.658,77.26,3.8713649555927425,1,1.6703756544046486,0.20528127313719632
28.658,77.261,5.958192448642467,5,-0.25657092057266145,0.7185774232179354
28.658,77.262,5.832528340281052,3,-1.0897640536758433,0.43907611510567063
28.658,77.263,6.999501879158936,2,-2.067664437657593,0.25001556724557944
28.659,77.168,11.386762030176962,1,-6.06841880172131,0.08073134831877557
28.659,77.169,6.213775316596114,3,-1.209939972560912,0.4158710062812959
28.659,77.17,4.644228538449097,5,-0.23827189442094737,0.8858606567645972
28.659,77.171,8.864595997687417,1,-4.062928199136074,0.1013726259275527
28.659,77.173,4.4867349223610224,7,0.8484772982560693,1.275804298740898
28.659,77.174,5.622588272727739,19,-0.2546266297086072,2.8689689314136086
28.659,77.175,5.823138747472953,14,1.5880285503758154,2.0518416110452247
28.659,77.176,8.663875847686334,2,-2.160730177948324,0.20695630112827118
28.659,77.178,11.28474644086005,1,-7.881859368435293,0.08140176151083753
28.659,77.185,4.81760186777933,3,-0.3051827620713962,0.5156764020954131
28.659,77.186,4.954317994724944,4,3.206726094890278,0.671781386809318
28.659,77.187,5.616078300923285,10,-0.18022068999137222,1.5114694151374362
28.659,77.188,6.624271142439319,5,1.2522587515519858,0.6558003914850664
28.659,77.189,8.085001470447162,7,-1.539968463215802,0.7705007008276754
28.659,77.19,5.714513731505471,7,-0.428730857391341,1.0425177875733558
28.659,77.191,6.798769900817299,12,-0.3186038071940958,1.538704199843416
28.659,77.192,7.845656518174758,4,-1.1575831763023232,0.4521993355474957
28.659,77.193,6.779125318847953,16,0.5256939034998864,2.056786508019582
28.659,77.194,4.896031108810727,10,0.4461292866927648,1.696056180072814
28.659,77.195,3.5789843641675865,1,0.23482555099368563,0.21838904011671373
28.659,77.211,6.766190976812213,2,1.4399790649071083,0.25752650249929077
28.659,77.212,3.627058383587661,2,-1.787449701659141,0.4322400614381851
28.659,77.229,6.2342968143390465,3,3.787009365693917,0.41469130683907274
28.659,77.23,6.654805231272301,8,-0.551309208379358,1.045095173332101
28.659,77.243,7.940340155660451,3,-2.256609921726875,0.33555770225371034
28.659,77.244,6.572667736434516,2,0.2988325767104012,0.2641077186547302
28.659,77.253,7.114961410302989,1,-2.3167333017031435,0.12322917503099536
28.659,77.255,5.957014344672051,14,0.1085520571988386,2.0123575008468593
28.659,77.256,5.892409346294501,21,-0.19074705600070743,3.0468300625948785
28.659,77.257,4.857750141625085,13,0.2027007072887249,2.219282093925822
28.659,77.258,4.349442262273178,6,-0.23899127449523686,1.121612255227964
28.659,77.259,12.529901914782425,1,-6.659668355241063,0.07391036581776145
28.659,77.26,5.765433652258606,2,3.576836281210484,0.29562037007521463
28.659,77.261,9.797844135292658,1,-5.425034070921807,0.09261107934791435
28.659,77.262,4.709480905742787,4,1.4405641738346637,0.7005890843730936
28.66,77.167,4.152166195204508,4,1.3114889664581872,0.7763724710051256
28.66,77.168,6.3502496121674525,2,2.3904820340628126,0.27209960280658235
28.66,77.169,6.516766961959934,2,1.2240591724885164,0.26607183781556487
28.66,77.17,9.77691370403377,1,-1.0889898183875744,0.09279094437080837
28.66,77.171,5.242067751674361,4,2.4088462955008474,0.6408132944290852
28.66,77.172,9.157653208693548,2,-1.8611435601101585,0.19689587337833864
28.66,77.173,4.5803719030520975,15,-0.07923738226501324,2.687992890186402
28.66,77.174,7.576384831183256,7,-0.9846266538360338,0.8161947181460879
28.66,77.175,4.642976645980999,9,0.4530045520549532,1.5949029323752235
28.66,77.176,6.108400483003997,5,-0.5456205279774375,0.7033931208511495
28.66,77.177,5.52591252237945,9,-0.18346357185454407,1.3791174750099866
28.66,77.184,10.310277906880845,2,-5.930092471772021,0.17683031455692685
28.66,77.185,10.809392482962508,2,-3.7742492991809065,0.16935672202320431
28.66,77.186,7.2824167146118,4,-0.06213942984146659,0.4829508267729658
28.66,77.187,7.6328730627796615,9,-0.5490154451292761,1.0425266228925794
28.66,77.188,4.793530424610945,7,-0.05003707393519082,1.2082442805968476
28.66,77.189,6.821365259482437,4,2.0294392577369624,0.5114196648916882
28.66,77.19,6.410478478058894,6,0.5592460853707938,0.8096643175963509
28.66,77.191,5.602631838040453,24,0.5554581820589445,3.6349141658522015
28.66,77.192,7.841695349640897,17,0.0480956033039753,1.9227081829606865
28.66,77.193,5.688984135713628,10,0.9202694092502473,1.494995323222295
28.66,77.194,5.486173394623595,9,-1.2504356298596662,1.387566975539094
28.66,77.211,6.53063703893489,2,1.7657443723919313,0.2655817814163135
28.66,77.212,7.244080249339136,5,-0.3719360947824601,0.6064957944096688
28.66,77.229,5.306842510333869,2,0.4406793614420983,0.317115893844339
28.66,77.23,6.486618986355739,10,-1.365908438183979,1.33571643197348
28.66,77.231,5.230803831994061,3,-0.525942653878778,0.48147880769340506
28.66,77.242,6.817354631632091,6,-1.405353942400201,0.7675230666550089
28.66,77.243,5.619072768084166,1,1.4013260627151638,0.1510785626684448
28.66,77.244,8.300199564595054,2,3.328308958798016,0.21504914879609718
28.66,77.253,6.560823679672634,4,-0.981744489365457,0.5290428886410946
28.66,77.254,5.744708546918218,7,-0.43279644941171175,1.0378506278374962
28.66,77.255,7.370976282756598,15,-0.3253877277767014,1.7919056861860367
28.66,77.256,8.277758731659748,7,-3.255966489693783,0.7544925668429979
28.66,77.257,5.788512899585036,11,1.2872071323679302,1.6203843408285195
28.66,77.258,8.3654852494808,5,-1.9299925353538803,0.5338751668288825
28.66,77.259,5.25650521755414,6,3.2265906301860396,0.9590018375059526
28.66,77.26,4.2150232414434425,11,0.38744831238252947,2.1092906955013606
28.66,77.261,6.306943949561372,3,0.33848725385298667,0.4105683608234174
28.661,77.167,8.149493633814535,3,-1.3027939443527028,0.3278869979113001
28.661,77.17,14.388689318841834,1,-6.364636037577055,0.06498279218462127
28.661,77.171,3.941577254081171,5,0.6303511710072645,1.0118226920100417
28.661,77.174,15.087110617780542,1,-4.519224877332473,0.062161566720050625
28.661,77.175,5.594165097759929,7,-0.08553295724429535,1.061544546765736
28.661,77.176,6.699949760879644,12,-0.15702333623744602,1.5584517266550473
28.661,77.177,6.038981642474703,6,0.06653866946251386,0.852396028964578
28.661,77.185,4.695592727625593,2,9.634983298556136,0.3511487031541614
28.661,77.186,5.169181875055402,10,-0.5470122899901124,1.6209604778283822
28.661,77.187,7.232555809507983,12,-0.6435248386044131,1.457627531190363
28.661,77.188,6.042435923281679,14,0.0837798403195307,1.9879485099349248
28.661,77.189,4.970453792472634,6,1.1128119088665416,1.0049487373245594
28.661,77.19,7.691541221252646,4,-0.8297812171433376,0.46021757225509774
28.661,77.191,7.144518140501963,9,-0.3681893839671788,1.1050377498999975
28.661,77.192,6.667196556452374,14,-0.3473404545202411,1.825960753310572
28.661,77.193,5.431566672603357,5,-0.8808730596219831,0.7774155589956917
28.661,77.211,5.4811153464013564,4,1.3981052667232616,0.6171777211496479
28.661,77.212,7.58047937208794,4,-1.4693814858683973,0.4661744206287458
28.661,77.213,6.1568810789104145,1,-3.582788083846892,0.13972566946050793
28.661,77.231,6.518844686177888,5,1.0838314360884107,0.6649957817577541
28.661,77.232,8.04178559009083,4,-1.8219855945757197,0.44239049468101993
28.661,77.233,8.424934135586215,4,-0.6704641367584023,0.42440614888723643
28.661,77.234,6.789118184329333,9,0.09159253435609127,1.155458138779663
28.661,77.235,4.3668106573429215,4,0.9244144728402091,0.7453216175098635
28.661,77.242,6.113101273269434,8,-0.034048073074457064,1.1246852382185915
28.661,77.253,5.668863889186313,5,0.3671129141132929,0.7497528939086001
28.661,77.254,6.964368069841139,12,0.06842319184405359,1.5067108770927706
28.661,77.255,7.084814637948885,5,2.90974152666051,0.6184433686989883
28.661,77.256,4.860958574659646,7,0.971299596924878,1.1943438792188528
28.661,77.257,4.9896360108039595,6,0.818174966925893,1.0017303203696095
28.661,77.258,6.951765920835394,1,-4.658220299586668,0.1257582290469313
28.661,77.259,6.877481629865184,6,-0.05231057766496239,0.7616647403216711
28.661,77.26,7.75567796567818,5,-1.6492846466594415,0.5710580059704972
28.662,77.175,6.584315773719256,2,4.026693392415038,0.2637021004492307
28.662,77.176,6.666360594374574,3,0.7749248024457195,0.3913199702869888
28.662,77.177,6.751573137083704,15,0.09765281673658922,1.9350910756733566
28.662,77.178,4.174603229639315,5,0.2253962114278032,0.9662576584347153
28.662,77.185,5.277510385170685,4,1.6026046344818976,0.6371952819782137
28.662,77.186,4.8376245739547485,8,-0.6709523889170843,1.3704204336285934
28.662,77.187,5.664812863409464,7,-1.54267844073717,1.0502920552249484
28.662,77.188,9.27460801457936,2,-2.6046081976666193,0.19465462791009253
28.662,77.19,10.381546027352371,1,-3.8032209279747455,0.08786152580649227
28.662,77.211,6.071362295531716,11,-0.3994571667500655,1.555570134901832
28.662,77.212,5.324841465795166,17,0.8584833849096433,2.687814404825203
28.662,77.213,8.069147083143605,2,-3.439271864784992,0.22052790429623811
28.662,77.224,7.385669960754415,2,-2.9216915693252092,0.238502112456149
28.662,77.225,6.610284764557673,3,1.05933965558989,0.3942033830286463
28.662,77.226,9.987173259034307,3,-3.8273926290529166,0.27304566236208405
28.662,77.228,8.826731961601503,3,0.6421765310937998,0.30528969465359035
28.662,77.229,6.822236977229895,2,-1.2142555593678912,0.255681335891752
28.662,77.23,5.447328283867576,6,0.11512472237564293,0.9306180383296325
28.662,77.232,5.463127646978322,7,1.6766780810470183,1.08306695803427
28.662,77.233,5.1500346682041656,10,0.12662854207821664,1.6260070941876559
28.662,77.234,6.470050969169087,6,0.909020525315472,0.8032073709755954
28.662,77.242,5.873160112314443,5,-0.5890415280771393,0.7274674121211936
28.662,77.243,6.571719304280059,4,-0.44040760982738214,0.5282816014770811
28.662,77.244,10.878376091154568,1,0.1673594079476377,0.08418659186457876
28.662,77.256,3.188884802384637,2,1.098166670989239,0.4774540466859928
28.662,77.257,5.967300431587996,2,-0.9706549859832414,0.2870552260000876
28.663,77.175,8.135909965113605,5,-2.498956014724379,0.5472908576258966
28.663,77.176,5.3771307942366615,14,0.563486204253791,2.1953446544725903
28.663,77.177,7.668583591193378,6,-3.713535234947385,0.692154599062244
28.663,77.178,5.431726598395834,2,-1.5383627794528316,0.31095849137910014
28.663,77.184,7.728722164744453,1,4.9927374054256655,0.11456430633558566
28.663,77.185,7.016827712280033,8,0.11455761585955937,0.9979009512385733
28.663,77.186,3.144998692280929,6,3.047367863031281,1.4475275978189255
28.663,77.187,7.169196532869212,5,-1.0424163996935067,0.6120552957542673
28.663,77.188,4.883585339932404,4,1.3871248593933343,0.6798575645451512
28.663,77.211,6.530573885555329,10,-0.09780963571949189,1.3279200432760334
28.663,77.212,6.220690250970597,14,0.26403494598834915,1.9388728104100763
28.663,77.223,2.7515209732707597,2,3.9508856105751,0.5331171048355627
28.663,77.224,5.5261517021490665,1,11.626777573217085,0.15322965901492902
28.663,77.225,6.009405844404195,7,0.6193783000845196,0.9986581110278122
28.663,77.226,8.417783643109379,2,-3.2429246500285807,0.21236419053471473
28.663,77.227,2.6949652773384214,4,1.5264817117101537,1.0825541513292116
28.663,77.228,9.653829368452557,3,-0.6754521511111159,0.2815888913035729
28.663,77.23,4.413850135447822,10,-0.11525228949109438,1.8471142994010532
28.663,77.231,7.21965386254744,1,5.665895113564642,0.12165962420345515
28.663,77.232,5.9073075706459095,11,-0.11803059848007293,1.592516315148158
28.663,77.233,7.132870318880383,6,-0.9873651661038774,0.7377469164940521
28.663,77.234,6.136301288667539,3,-0.28430293587855004,0.4203858383563494
28.663,77.243,7.211693212184249,2,0.7773474669433917,0.24355512904847243
28.663,77.244,4.77361681928295,5,0.8863249530344316,0.8660082850148292
28.664,77.175,3.9317011831020268,3,0.5213962574960725,0.6083093619457715
28.664,77.176,6.219686750188674,6,2.5422570062739602,0.831060987492733
28.664,77.177,3.7709156548411005,2,2.913988423896566,0.4192067403184078
28.664,77.185,6.399694860560265,8,-1.2619411761430006,1.0811256613619717
28.664,77.186,5.684462563437013,8,1.6182514328854374,1.1968052665533315
28.664,77.187,6.202004358659445,3,-1.7541160268642126,0.41655070597019317
28.664,77.211,5.877660746600987,11,2.0261490242758757,1.5993810112597246
28.664,77.212,9.376178710114544,8,-1.3040391848920274,0.770996743936351
28.664,77.213,3.43903364071933,2,1.9501097126461984,0.45054851165216825
28.664,77.222,5.164180605428248,1,-1.8977007743974945,0.16222756340386726
28.664,77.223,6.728315199927153,4,3.712188481008605,0.5175772333972227
28.664,77.224,10.254734746233678,3,-3.8599603146905146,0.26655448285921884
28.664,77.225,2.770091812569709,4,0.6279237378873544,1.0609821189669078
28.664,77.226,6.399614634917046,6,-1.9410584491175096,0.8108530370875542
28.664,77.227,7.7229703658138895,2,0.4272756898256991,0.22927969672328374
28.664,77.231,12.885548976112082,1,-7.122923815484897,0.07201731827242436
28.664,77.232,4.662812987274538,8,-0.3536785191759654,1.4127254454592768
28.664,77.233,7.060307607716741,2,-2.5748301149487514,0.2481294880216791
28.664,77.234,5.371478763692105,1,1.3503679609490078,0.15694943624367136
28.664,77.244,7.728401601061248,3,-0.5975711277408801,0.34370554164639305
28.664,77.245,7.530718332492633,2,1.748814285312792,0.23444684515982725
28.664,77.246,5.4863904476176755,6,-0.9024301195884229,0.9250136957456335
28.665,77.186,5.977658268406722,7,0.5893506357358362,1.0032018953542676
28.665,77.187,5.7777117797043225,5,-1.5730692577940928,0.7377121014458548
28.665,77.188,19.569591437106748,1,-14.723532340519629,0.048615452720953835
28.665,77.19,6.250866721281348,3,-2.2774555107108214,0.41374364132152336
28.665,77.191,5.743030303571677,8,0.8506087519525664,1.186410210222921
28.665,77.192,8.517213134473927,1,-0.4082547329274906,0.10507277559832393
28.665,77.208,6.181929726617921,2,-1.434488786155351,0.2784766874824087
28.665,77.211,6.533160578071236,22,-1.4132958525872183,2.920420953728402
28.665,77.212,5.23852704944555,18,0.5003980698667273,2.885296458175933
28.665,77.213,6.736650113327356,7,-0.6907797468046064,0.9047843572428869
28.665,77.214,6.180486021981911,3,3.2611863905523286,0.41779901678186954
28.665,77.215,5.347156242197629,1,-0.06845507275644103,0.15755087189310493
28.665,77.223,9.24668098673388,2,-0.5233367438433323,0.19518515337691783
28.665,77.224,8.928094319499866,2,-5.659117510127894,0.2014485293589305
28.665,77.225,1.1086116423809855,1,6.8944488745432135,0.47424569792796356
28.665,77.226,5.145528818770835,5,2.28729738259536,0.8135996343761428
28.665,77.227,10.866996672230998,1,-1.7017945638862013,0.08426731949289405
28.665,77.232,4.164784070812833,1,1.17850247975103,0.19361893668530855
28.665,77.245,7.47182533491441,3,-0.5483993366264936,0.3541149494237429
28.665,77.246,4.569850063639262,3,0.6717288198114985,0.5386141396488224
28.666,77.185,6.886505069969962,1,1.2281345688773389,0.12679887873372137
28.666,77.186,5.551531573445499,6,-0.185979333171273,0.9158163908297485
28.666,77.187,5.275255684463539,15,0.4895346856059101,2.3903408489214932
28.666,77.188,5.296247901842804,4,2.3899427630794183,0.6352990006682024
28.666,77.189,16.18680949202196,1,-7.423952659369924,0.05818415573083506
28.666,77.19,5.6599576967405145,5,1.8782461313595662,0.7507555194302625
28.666,77.191,9.151831163447614,3,-3.7825892469080418,0.2955131888719458
28.666,77.192,5.38070668270765,5,0.4286781498913651,0.7836122625022863
28.666,77.207,8.906889961597232,1,-2.5758839066891435,0.10093985134349627
28.666,77.208,6.709135456161661,9,0.6224490588852427,1.1674460840880143
28.666,77.209,9.588192599918301,5,-3.268239140806344,0.472224126338482
28.666,77.21,1.4095066517166297,1,11.14526656233979,0.4150227181516846
28.666,77.211,6.89512964691526,5,0.2749638239035388,0.6333018232263699
28.666,77.212,6.411879132722328,5,-0.6420996794711173,0.6745927598745849
28.666,77.213,7.688347370120803,7,-1.9278380242276294,0.8056768107676009
28.666,77.214,7.796522668453878,3,-2.2815870779940135,0.341043854835799
28.666,77.224,5.204019753353981,4,0.2518104938495005,0.6447432727527251
28.666,77.225,5.299497967321278,6,0.5556071013315539,0.9524568515023059
28.666,77.226,8.037884228645545,3,-0.40017735684922595,0.3319360952302874
28.666,77.244,7.294430585131749,1,-6.4282994786350045,0.1205628270363198
28.666,77.245,4.4620862436479936,5,0.38006958065470386,0.9154011447209633
28.667,77.185,10.072106039057346,1,-3.1856009690873837,0.09031705408821553
28.667,77.186,7.330772020001516,1,2.74133401905583,0.12003689425170684
28.667,77.187,7.6768717523533105,6,-0.8334910491274226,0.6914934519313024
28.667,77.188,5.056538697982788,6,2.76641552564843,0.9906648498751244
28.667,77.19,6.756855249760117,6,-0.6349378469731347,0.7735093419701948
28.667,77.207,6.331006054908088,1,0.7468591905090518,0.13640692594033568
28.667,77.208,6.909494115942118,9,-0.5917376590270883,1.1378730255149814
28.667,77.209,5.792258018817072,18,0.057195964088534695,2.6500760056719472
28.667,77.21,5.754718335435126,8,0.25918846741927093,1.184357304438906
28.667,77.211,6.777600842969747,6,-0.20587744449190679,0.7714461208720246
28.667,77.212,6.1330872168197015,5,2.602676971217874,0.7009587641393312
28.667,77.213,6.597189320612189,1,2.6460372909458982,0.13162762671806355
28.667,77.225,6.252677598741664,3,1.3342260520708757,0.4136403361595032
28.667,77.226,7.064237587110196,10,-0.6370535406858581,1.240042830085253
28.667,77.244,3.523665243849623,1,3.7707653412821256,0.22105968193813644
28.667,77.245,7.711931274319107,1,-4.188266030469483,0.11478511118972945
28.668,77.188,2.9412130043628175,1,7.500772432745716,0.25372899127578913
28.668,77.189,5.333839162033005,4,-1.7815599927215202,0.6315285086456315
28.668,77.19,4.704332166904338,1,5.36312080834456,0.17530535928497412
28.668,77.209,6.724356836466764,4,1.7195531510835473,0.517842466976145
28.668,77.21,6.911077909090193,5,-0.2749646703281979,0.632025124446666
28.668,77.211,7.780626627445953,4,0.09357892589355044,0.4555483531775559
28.668,77.212,8.849044314630094,2,-2.8547172081980747,0.20306538747410594
28.668,77.225,9.324200180566228,1,-0.9188579534238208,0.09685980342403194
28.668,77.226,4.872335964922163,2,0.0981662665588594,0.3405799688483099
28.669,77.209,15.536405311828977,1,-2.9380447796318236,0.06047263484069724
28.669,77.21,8.488483111015238,4,0.7578174792614547,0.42156369497632085
28.669,77.211,7.586701004026845,3,0.16028000187212932,0.34937748485630404
28.669,77.212,10.364665795771382,1,-2.3763525279500506,0.08799202879965769
28.669,77.213,7.988313267821331,1,3.9178036761118467,0.11125557935102869
28.67,77.209,6.719624627325744,3,-0.6718169501225356,0.38861993229316766
28.67,77.211,11.5376436369991,4,-3.9282517069632297,0.3190392162842973
28.67,77.212,3.859077353879603,1,7.688504286926434,0.2058003870223585
28.671,77.211,5.550175727953725,2,6.378726002156787,0.3053353197021479
